title,link,published,summary,content,source
How many people die from gun-related injuries in Vermont each year? - usafacts.org,https://news.google.com/rss/articles/CBMirwFBVV95cUxOTDREQ01mOFAxWk1QT0JuWENqV3BqVEZjV0poUFlpSXZfUFQ5NnRLUENkbnIyT3BTMGxCR0xYZGZ1aTlmOEdhTHBRM0E2VnZhVFRsOTJJSFNwd2Nvb1ZtbndmdWFjY2xEVXdkbXhuRm9nZ2xwRF9VWmZla3hfcXRvZnFnRjdyQ2h3dXppb195ZlVkaVZNb2twNjNUelBwZ01xTEM2cGpRZ2V6S1poN25v?oc=5,"Sat, 14 Dec 2024 03:42:02 GMT","<a href=""https://news.google.com/rss/articles/CBMirwFBVV95cUxOTDREQ01mOFAxWk1QT0JuWENqV3BqVEZjV0poUFlpSXZfUFQ5NnRLUENkbnIyT3BTMGxCR0xYZGZ1aTlmOEdhTHBRM0E2VnZhVFRsOTJJSFNwd2Nvb1ZtbndmdWFjY2xEVXdkbXhuRm9nZ2xwRF9VWmZla3hfcXRvZnFnRjdyQ2h3dXppb195ZlVkaVZNb2twNjNUelBwZ01xTEM2cGpRZ2V6S1poN25v?oc=5"" target=""_blank"">How many people die from gun-related injuries in Vermont each year?</a>&nbsp;&nbsp;<font color=""#6f6f6f"">usafacts.org</font>",,RSS Feed
Vermont lawmaker introduces bill to ban guns in bars statewide - WCAX,https://news.google.com/rss/articles/CBMikwFBVV95cUxNelAwbEZoRUtWdDRnSFQtdWJhVmx0bml1VE5abFk3ZUN4WXljZnRCVE02Z09nSkJ0V0ZIZXdKeG5GQ0E5V1JwUXpBWWJQcElBcURDaGtUYUR4QkFEWlBRdUE1M2c3NVAwRU9JU1dEUnZUZXR4c3dBMGh2dDdOa3BDRGZKeWFaeFZWV3pYU2dXejJRUTjSAacBQVVfeXFMTmtvdGtTc2VnQ0h5MkRLYWFwMWg4LUV0ZDJqRGs4WWYwdWo4SkVDak9SU2xOdm8xYjZKRFFDYWl2QmpLd0gxa2l5T3pHc1FYb2s3a1QweTFqQkY1YjRfQUxvLU8xeEsxVm1ic0JzNzQ3b1hDNzVDbm9maWoycjhTTzU1Tzd1ZzgyU0Z2U2I4UzNJREU3Q0RaMi1nV1FRVUh5NzBYSUVuQ00?oc=5,"Tue, 04 Feb 2025 08:00:00 GMT","<a href=""https://news.google.com/rss/articles/CBMikwFBVV95cUxNelAwbEZoRUtWdDRnSFQtdWJhVmx0bml1VE5abFk3ZUN4WXljZnRCVE02Z09nSkJ0V0ZIZXdKeG5GQ0E5V1JwUXpBWWJQcElBcURDaGtUYUR4QkFEWlBRdUE1M2c3NVAwRU9JU1dEUnZUZXR4c3dBMGh2dDdOa3BDRGZKeWFaeFZWV3pYU2dXejJRUTjSAacBQVVfeXFMTmtvdGtTc2VnQ0h5MkRLYWFwMWg4LUV0ZDJqRGs4WWYwdWo4SkVDak9SU2xOdm8xYjZKRFFDYWl2QmpLd0gxa2l5T3pHc1FYb2s3a1QweTFqQkY1YjRfQUxvLU8xeEsxVm1ic0JzNzQ3b1hDNzVDbm9maWoycjhTTzU1Tzd1ZzgyU0Z2U2I4UzNJREU3Q0RaMi1nV1FRVUh5NzBYSUVuQ00?oc=5"" target=""_blank"">Vermont lawmaker introduces bill to ban guns in bars statewide</a>&nbsp;&nbsp;<font color=""#6f6f6f"">WCAX</font>",,RSS Feed
Vermont Senate Passes Ordinance Change to Burlington Charter Keeping Guns Out of Bars - Moms Demand Action,https://news.google.com/rss/articles/CBMigAJBVV95cUxPTDRpc2JSUUdTSHNsb0hTOHpSWVVNVGxuUTNiMTctSkJvWGw1S1VlVWd6WlU3akZDd1FqM3FCelBDS1VxR09iQ0VOM3lFb05XdHdtRk81amk0bzZ2TGtKUWg1SmRCRTFwaDNVb3dvWjNxajRtcDJvcXJvSU9hOThaejRWM3lIQ3JndnpXZHpidXB0UmRDdVdNSXZrbUJRcHQ2VGJlTnVEaDhodlR5dmNxNnNKS0x4dEZuNXJzM0tsbklOeHh1TVdWRy0wTGs5cnE1MmllX3U4Ul9LUncwdmNhTkFhdGs2cFhmNWtYa01NOXktRmxOQ0llbFI2YWJaMmgz?oc=5,"Fri, 25 Apr 2025 07:00:00 GMT","<a href=""https://news.google.com/rss/articles/CBMigAJBVV95cUxPTDRpc2JSUUdTSHNsb0hTOHpSWVVNVGxuUTNiMTctSkJvWGw1S1VlVWd6WlU3akZDd1FqM3FCelBDS1VxR09iQ0VOM3lFb05XdHdtRk81amk0bzZ2TGtKUWg1SmRCRTFwaDNVb3dvWjNxajRtcDJvcXJvSU9hOThaejRWM3lIQ3JndnpXZHpidXB0UmRDdVdNSXZrbUJRcHQ2VGJlTnVEaDhodlR5dmNxNnNKS0x4dEZuNXJzM0tsbklOeHh1TVdWRy0wTGs5cnE1MmllX3U4Ul9LUncwdmNhTkFhdGs2cFhmNWtYa01NOXktRmxOQ0llbFI2YWJaMmgz?oc=5"" target=""_blank"">Vermont Senate Passes Ordinance Change to Burlington Charter Keeping Guns Out of Bars</a>&nbsp;&nbsp;<font color=""#6f6f6f"">Moms Demand Action</font>",,RSS Feed
"Vermont, ranked as one of the safest states, sees dramatic spike in gun violence - AP News",https://news.google.com/rss/articles/CBMiqgFBVV95cUxQVHhRWG9jMG9KVHl5NS1LYk9RZWo4cVRKUl81TlFTUU5ldVdtamthQW8yb05UZTlrTHpxOEJCLWl6T24yYTJRWWE0ZUZDcnBqN1otUmQ2c3hISlNWWnNTQS0xU2U5M1FVOFV1YUdPUHRaOEk4ejVza3RTa0tvdHNoemhROGVjUEVDX2o1Zk1FNktEbkxNVzZ1aTRwd29OM1BXeDFjU2d6bUp2Zw?oc=5,"Fri, 15 Dec 2023 08:00:00 GMT","<a href=""https://news.google.com/rss/articles/CBMiqgFBVV95cUxQVHhRWG9jMG9KVHl5NS1LYk9RZWo4cVRKUl81TlFTUU5ldVdtamthQW8yb05UZTlrTHpxOEJCLWl6T24yYTJRWWE0ZUZDcnBqN1otUmQ2c3hISlNWWnNTQS0xU2U5M1FVOFV1YUdPUHRaOEk4ejVza3RTa0tvdHNoemhROGVjUEVDX2o1Zk1FNktEbkxNVzZ1aTRwd29OM1BXeDFjU2d6bUp2Zw?oc=5"" target=""_blank"">Vermont, ranked as one of the safest states, sees dramatic spike in gun violence</a>&nbsp;&nbsp;<font color=""#6f6f6f"">AP News</font>",,RSS Feed
"Gunshots Project update: Gun deaths rose again in 2022, though firearm-related suicides dropped - Vermont Public",https://news.google.com/rss/articles/CBMi3gFBVV95cUxQVmxoSVNGZldQV1drNWtCelplWEZRT3hhcEtIYzBKZkFJWHkyMDNQN1NkemVFRUNCZGZ4R0psdUgzb0h2RE5CbjR6ckxydHhzMlJEc1lYblZYVG1oaXRveV8wb0VyOW1adFp6N0FWU1pXcGRCcC1OX0JiZmlYaVJUcWRKMkh6N0lWdWN4RzU1SGljWXhIQ2RUSnJwWWZHRjRGcGRXZFEzckFtbEVMRURhNjBhcjlkQ1JsZkFlcVU0R0N3MW9TOXhwVUN2V3NrTzJZUWFkSFN3bFFCZVFWcHc?oc=5,"Wed, 27 Dec 2023 08:00:00 GMT","<a href=""https://news.google.com/rss/articles/CBMi3gFBVV95cUxQVmxoSVNGZldQV1drNWtCelplWEZRT3hhcEtIYzBKZkFJWHkyMDNQN1NkemVFRUNCZGZ4R0psdUgzb0h2RE5CbjR6ckxydHhzMlJEc1lYblZYVG1oaXRveV8wb0VyOW1adFp6N0FWU1pXcGRCcC1OX0JiZmlYaVJUcWRKMkh6N0lWdWN4RzU1SGljWXhIQ2RUSnJwWWZHRjRGcGRXZFEzckFtbEVMRURhNjBhcjlkQ1JsZkFlcVU0R0N3MW9TOXhwVUN2V3NrTzJZUWFkSFN3bFFCZVFWcHc?oc=5"" target=""_blank"">Gunshots Project update: Gun deaths rose again in 2022, though firearm-related suicides dropped</a>&nbsp;&nbsp;<font color=""#6f6f6f"">Vermont Public</font>",,RSS Feed
Vermont could become first state in New England to ban guns in bars - The Boston Globe,https://news.google.com/rss/articles/CBMidEFVX3lxTE8wODFzOUk2QmtvNDI2NFg0TmJ6NDFyVVJFTGFHaHlZYXJVczk4cllYWlRQZDljWUl6VEdkTTBfYW5NY0pEdzRwa1E2b0dkRjRTb1VBZUFzZVZpUUIzV05vd051Ql8xRlI5OFdWWFRNYVM4Qkhs?oc=5,"Mon, 24 Feb 2025 08:00:00 GMT","<a href=""https://news.google.com/rss/articles/CBMidEFVX3lxTE8wODFzOUk2QmtvNDI2NFg0TmJ6NDFyVVJFTGFHaHlZYXJVczk4cllYWlRQZDljWUl6VEdkTTBfYW5NY0pEdzRwa1E2b0dkRjRTb1VBZUFzZVZpUUIzV05vd051Ql8xRlI5OFdWWFRNYVM4Qkhs?oc=5"" target=""_blank"">Vermont could become first state in New England to ban guns in bars</a>&nbsp;&nbsp;<font color=""#6f6f6f"">The Boston Globe</font>",,RSS Feed
Vermont - Everytown Research & Policy,https://news.google.com/rss/articles/CBMiZ0FVX3lxTE1CVXhHZHpaNVZ1VEszTDBUS2ZJc3lzSkIwSzhIOTRjczRTWk5Ec3NLVnZDZS1PYkZfMmM2NEluUkhKVzItWVV0XzdTQklPVFBBY1h3MFBPWW1wWHUwUkF3T0F4VENjbm8?oc=5,"Tue, 04 Feb 2025 20:09:15 GMT","<a href=""https://news.google.com/rss/articles/CBMiZ0FVX3lxTE1CVXhHZHpaNVZ1VEszTDBUS2ZJc3lzSkIwSzhIOTRjczRTWk5Ec3NLVnZDZS1PYkZfMmM2NEluUkhKVzItWVV0XzdTQklPVFBBY1h3MFBPWW1wWHUwUkF3T0F4VENjbm8?oc=5"" target=""_blank"">Vermont</a>&nbsp;&nbsp;<font color=""#6f6f6f"">Everytown Research & Policy</font>",,RSS Feed
Vermont Governor Phil Scott says he would veto charter change banning guns in bars - WPTZ,https://news.google.com/rss/articles/CBMilAFBVV95cUxOVWlGRTBud21jdDVkZmZXVGR6ZHNIWjR0R0ExQkVLX1FIYWtTcUFxMnZZcnpWZmlQeEd4Ylk4M01UcF9fZVFqdGEzTHpuSmwtV0d5RG5wckNNckFoemZKVWhxRVFILUNwYUtvUkdKRG4zVFVhYUJra3hxaFlJbGNnQWZpNXVaNGQyankxVU1TcEY2Y3lH?oc=5,"Wed, 21 May 2025 07:00:00 GMT","<a href=""https://news.google.com/rss/articles/CBMilAFBVV95cUxOVWlGRTBud21jdDVkZmZXVGR6ZHNIWjR0R0ExQkVLX1FIYWtTcUFxMnZZcnpWZmlQeEd4Ylk4M01UcF9fZVFqdGEzTHpuSmwtV0d5RG5wckNNckFoemZKVWhxRVFILUNwYUtvUkdKRG4zVFVhYUJra3hxaFlJbGNnQWZpNXVaNGQyankxVU1TcEY2Y3lH?oc=5"" target=""_blank"">Vermont Governor Phil Scott says he would veto charter change banning guns in bars</a>&nbsp;&nbsp;<font color=""#6f6f6f"">WPTZ</font>",,RSS Feed
"New York, Vermont politicians react to Charlie Kirk shooting death - WPTZ",https://news.google.com/rss/articles/CBMimgFBVV95cUxQLUJNcnB0THlLd0hBaVZVczB2NzNURTF3dVlFckk5bXVIS3N1MnBLSmVnLU1zQ0lnV01Kb1dHVUhOendYUHNrRUNoallWeWJqeGFFTUlxUGR1dk9Vdk1ieVhpUGRQTUJSRW1DQzZ3Q09Tb0xMdV9IeUxNR1NTSTNibzNaLUdVQW9qWmg1UFl3QzNZd2lWckVUYVlR?oc=5,"Thu, 11 Sep 2025 13:05:00 GMT","<a href=""https://news.google.com/rss/articles/CBMimgFBVV95cUxQLUJNcnB0THlLd0hBaVZVczB2NzNURTF3dVlFckk5bXVIS3N1MnBLSmVnLU1zQ0lnV01Kb1dHVUhOendYUHNrRUNoallWeWJqeGFFTUlxUGR1dk9Vdk1ieVhpUGRQTUJSRW1DQzZ3Q09Tb0xMdV9IeUxNR1NTSTNibzNaLUdVQW9qWmg1UFl3QzNZd2lWckVUYVlR?oc=5"" target=""_blank"">New York, Vermont politicians react to Charlie Kirk shooting death</a>&nbsp;&nbsp;<font color=""#6f6f6f"">WPTZ</font>",,RSS Feed
'Increasing polarization is dangerous': Vermont officials react to Charlie Kirk shooting - Burlington Free Press,https://news.google.com/rss/articles/CBMiyAFBVV95cUxQUXRyTmFXNkZrSFhtdW9XelpQaHNZNlVhMGNoYXdfU0lOV2h4bWp2LVVXdWpSdzBMeWFZcFJ2cU1iUmpOb240MEdpRThJaWhjZ3YxcjIzRTBYeUJnQWRNYkRyTWIya1pZbmdTTGxuMGhZM1Z1THR6dHpRSFNFNmNMTGppeWZWWDJod2syMmF5NzRQbUZOOTJlTzR6azl4R0hlaXJkRHpkdlNsN0FaYVVpZmJ2RHVnN2x3dEd5ck81NXhYUXR5ZGNQeA?oc=5,"Thu, 11 Sep 2025 13:27:48 GMT","<a href=""https://news.google.com/rss/articles/CBMiyAFBVV95cUxQUXRyTmFXNkZrSFhtdW9XelpQaHNZNlVhMGNoYXdfU0lOV2h4bWp2LVVXdWpSdzBMeWFZcFJ2cU1iUmpOb240MEdpRThJaWhjZ3YxcjIzRTBYeUJnQWRNYkRyTWIya1pZbmdTTGxuMGhZM1Z1THR6dHpRSFNFNmNMTGppeWZWWDJod2syMmF5NzRQbUZOOTJlTzR6azl4R0hlaXJkRHpkdlNsN0FaYVVpZmJ2RHVnN2x3dEd5ck81NXhYUXR5ZGNQeA?oc=5"" target=""_blank"">'Increasing polarization is dangerous': Vermont officials react to Charlie Kirk shooting</a>&nbsp;&nbsp;<font color=""#6f6f6f"">Burlington Free Press</font>",,RSS Feed
Vermont State Police release more details about fatal police shooting in Springfield - Vermont Public,https://news.google.com/rss/articles/CBMivwFBVV95cUxQWjlvS05rSThYb1UyT3daSXh1dEJXVnNsQ1J1YUdPYk1uNHM5QzhJYVJZaDZwWTBxTDVGbnR4SWZSdFNkTGNWMXluTWI1bUlEb0pnUlFCaFlpakZ3TlVIT0d2clM3RWg5eXZxczV2aEtzOG5ZbUFfU3RyTEl5WG1pR3lDRjJ4Q2hhWmRRclIybXptMW1zQUtCY0RyTjBITjlKOG5faVFQRHJ4c0ttWk8wS1dKNlF1bTBGcWpZRXBXWQ?oc=5,"Mon, 25 Aug 2025 07:00:00 GMT","<a href=""https://news.google.com/rss/articles/CBMivwFBVV95cUxQWjlvS05rSThYb1UyT3daSXh1dEJXVnNsQ1J1YUdPYk1uNHM5QzhJYVJZaDZwWTBxTDVGbnR4SWZSdFNkTGNWMXluTWI1bUlEb0pnUlFCaFlpakZ3TlVIT0d2clM3RWg5eXZxczV2aEtzOG5ZbUFfU3RyTEl5WG1pR3lDRjJ4Q2hhWmRRclIybXptMW1zQUtCY0RyTjBITjlKOG5faVFQRHJ4c0ttWk8wS1dKNlF1bTBGcWpZRXBXWQ?oc=5"" target=""_blank"">Vermont State Police release more details about fatal police shooting in Springfield</a>&nbsp;&nbsp;<font color=""#6f6f6f"">Vermont Public</font>",,RSS Feed
"New Haven resident killed man, wounded woman in botched Vermont drug robbery, affidavit says - New Haven Register",https://news.google.com/rss/articles/CBMiogFBVV95cUxNQjgzVWFKOS1PanJCSE1oS3kyZmM1SF9fbmtFRHN6azZFSXE1YjRLUEtRX3M4bWdfQnAxVUVSSkFxNkdqeTNSNkxGVjFsMEdOUHdqMkwwUEtJTDFjcWV1YUlOQnQtUWZhaFlyMFVCZEZWZzQtUEdMNVZ2VEJPTlNoOEdfUWpRdDVFV0lLRm16eExNZ3V6UzJyNkxEc0dZTVMyM1E?oc=5,"Thu, 11 Sep 2025 09:13:16 GMT","<a href=""https://news.google.com/rss/articles/CBMiogFBVV95cUxNQjgzVWFKOS1PanJCSE1oS3kyZmM1SF9fbmtFRHN6azZFSXE1YjRLUEtRX3M4bWdfQnAxVUVSSkFxNkdqeTNSNkxGVjFsMEdOUHdqMkwwUEtJTDFjcWV1YUlOQnQtUWZhaFlyMFVCZEZWZzQtUEdMNVZ2VEJPTlNoOEdfUWpRdDVFV0lLRm16eExNZ3V6UzJyNkxEc0dZTVMyM1E?oc=5"" target=""_blank"">New Haven resident killed man, wounded woman in botched Vermont drug robbery, affidavit says</a>&nbsp;&nbsp;<font color=""#6f6f6f"">New Haven Register</font>",,RSS Feed
"One killed, two hospitalized in Vermont Knolls shooting - KTLA",https://news.google.com/rss/articles/CBMikgFBVV95cUxNSjRtT28zVFRFWS0yZGVsWnRlbVZyRFRZbzJRNlJpeHRrUWlFRFZaQnVQdmJwNmI3ckJqOVRLalAtTThzbFRnVUVGVHlvREVvWmR5VEY4d2hCTlpYRHcxd2RZb0hKUDF6Zmtua3FCVVhZZjJGX2p6anJhUUtvTjFpbm56R0szQ2pMaHJwUThuX2xBd9IBlwFBVV95cUxQWG5na0YtQmhNUnhqOW8tTWhSeEhSa0xkSWt2NUV4VEhqVU83UjNIb1lGeGNzMG1hdDd3NXJDN0c4a0h3NVBPYWdjZC15Z1hMSVVab3ZYdHhPSzRtZXZqaDg1WHpDbXROdGlEVktNdnN6NkZjWlN1TDFfWXhsbFo4c1EtSmhhUzNFd2ItNTBpR0s2VjZ4b0g0?oc=5,"Sun, 24 Aug 2025 07:00:00 GMT","<a href=""https://news.google.com/rss/articles/CBMikgFBVV95cUxNSjRtT28zVFRFWS0yZGVsWnRlbVZyRFRZbzJRNlJpeHRrUWlFRFZaQnVQdmJwNmI3ckJqOVRLalAtTThzbFRnVUVGVHlvREVvWmR5VEY4d2hCTlpYRHcxd2RZb0hKUDF6Zmtua3FCVVhZZjJGX2p6anJhUUtvTjFpbm56R0szQ2pMaHJwUThuX2xBd9IBlwFBVV95cUxQWG5na0YtQmhNUnhqOW8tTWhSeEhSa0xkSWt2NUV4VEhqVU83UjNIb1lGeGNzMG1hdDd3NXJDN0c4a0h3NVBPYWdjZC15Z1hMSVVab3ZYdHhPSzRtZXZqaDg1WHpDbXROdGlEVktNdnN6NkZjWlN1TDFfWXhsbFo4c1EtSmhhUzNFd2ItNTBpR0s2VjZ4b0g0?oc=5"" target=""_blank"">One killed, two hospitalized in Vermont Knolls shooting</a>&nbsp;&nbsp;<font color=""#6f6f6f"">KTLA</font>",,RSS Feed
5 shot outside Vermont Knolls business - NBC Los Angeles,https://news.google.com/rss/articles/CBMiigFBVV95cUxNU0JpTy1DNFZyWlZLdy1WTTgtS3NNUG43bmlQTjdnd0RVVEpPNWtfVkZ4akhKN3VlQ0pKcWhfRkE2bVZVZldqUUhRVWVlX0pIaVozQXlQZEVsNlpEcHItTDBhTlNJcGZyQVFHVHdOOXhPUTV1alBMQWVnbEFZXzR2cU1wTm1aeTBZVkHSAZIBQVVfeXFMT3AxQmJpbDA1TkUtS1ZFNjdXN1pDdmZZeGh2b251SHNJNXM2UTMxeHNvN1J3d2U5XzV0cnNyaWZfeFNrekZReFRvYi1tUWV0SGZ6OU9mZkl5aHVxTm1SOE0tSEd3TDdlQzFlSFJybDU1STJJTi1kTkJ2dkJCcUF2Um5nWHJoclc4QS1YRzZnZVZJX0E?oc=5,"Tue, 26 Aug 2025 07:00:00 GMT","<a href=""https://news.google.com/rss/articles/CBMiigFBVV95cUxNU0JpTy1DNFZyWlZLdy1WTTgtS3NNUG43bmlQTjdnd0RVVEpPNWtfVkZ4akhKN3VlQ0pKcWhfRkE2bVZVZldqUUhRVWVlX0pIaVozQXlQZEVsNlpEcHItTDBhTlNJcGZyQVFHVHdOOXhPUTV1alBMQWVnbEFZXzR2cU1wTm1aeTBZVkHSAZIBQVVfeXFMT3AxQmJpbDA1TkUtS1ZFNjdXN1pDdmZZeGh2b251SHNJNXM2UTMxeHNvN1J3d2U5XzV0cnNyaWZfeFNrekZReFRvYi1tUWV0SGZ6OU9mZkl5aHVxTm1SOE0tSEd3TDdlQzFlSFJybDU1STJJTi1kTkJ2dkJCcUF2Um5nWHJoclc4QS1YRzZnZVZJX0E?oc=5"" target=""_blank"">5 shot outside Vermont Knolls business</a>&nbsp;&nbsp;<font color=""#6f6f6f"">NBC Los Angeles</font>",,RSS Feed
"Vermont Authorities Seize Drugs, Firearms, and Money From Former US Open Champion Snowboarder - MSN",https://news.google.com/rss/articles/CBMi7AJBVV95cUxPZ3p1aVBIWUY3eFpjVUw0ZnRuNFFIREdFbnVTX3cyWHRuWU5JajBUYzZtdlpxck1sNVl1d3NzZkF5YkxGelI4RWtRNVM1dUU2Q1F1ZndVYkVhOVk3RXBNVEVLdDRmVzBEVWd0VjgtRWhQTU9kbWJaYW13UXZDWlFvLS1mT055ZldESzZMWTU3YjQwNjhwVmZjaVN2eG8xZkRwbmJ1M0I3SVVlMzRMb0s1YlphWHJULVF0N3hHaS1tWmZCRnRDUXJLNVN0SG9xRmFUZkdDZUtSd3d1WUdZbHlxZkdlZzdCRzVXdi1IendSdEx5S0FPNG51ZkJMVDU4TmVEQlBpVjVKMzJkVTdaT0ttU0RuYkpycFFpNTBmUGxtR0xROVJCN3JzYWI3cmZoR1FTMW83ZTgxTTFnbnVPRkd1NHd1WUpQS3ZtTkZ5NXpoYU40VjRBTEU0bTN3aTNEa25wTmt3ZnkyWVVvYmtY?oc=5,"Sat, 13 Sep 2025 19:29:18 GMT","<a href=""https://news.google.com/rss/articles/CBMi7AJBVV95cUxPZ3p1aVBIWUY3eFpjVUw0ZnRuNFFIREdFbnVTX3cyWHRuWU5JajBUYzZtdlpxck1sNVl1d3NzZkF5YkxGelI4RWtRNVM1dUU2Q1F1ZndVYkVhOVk3RXBNVEVLdDRmVzBEVWd0VjgtRWhQTU9kbWJaYW13UXZDWlFvLS1mT055ZldESzZMWTU3YjQwNjhwVmZjaVN2eG8xZkRwbmJ1M0I3SVVlMzRMb0s1YlphWHJULVF0N3hHaS1tWmZCRnRDUXJLNVN0SG9xRmFUZkdDZUtSd3d1WUdZbHlxZkdlZzdCRzVXdi1IendSdEx5S0FPNG51ZkJMVDU4TmVEQlBpVjVKMzJkVTdaT0ttU0RuYkpycFFpNTBmUGxtR0xROVJCN3JzYWI3cmZoR1FTMW83ZTgxTTFnbnVPRkd1NHd1WUpQS3ZtTkZ5NXpoYU40VjRBTEU0bTN3aTNEa25wTmt3ZnkyWVVvYmtY?oc=5"" target=""_blank"">Vermont Authorities Seize Drugs, Firearms, and Money From Former US Open Champion Snowboarder</a>&nbsp;&nbsp;<font color=""#6f6f6f"">MSN</font>",,RSS Feed
Vermont man who shot Springfield cop gets prison for other crimes - Bennington Banner,https://news.google.com/rss/articles/CBMi4gFBVV95cUxOSk5OUXVvWkZHSjk2NXpya2NxS0dPSHUyUjRBb0otSktlamJRMUJEcFBMRkJhc2czWGtUcTRSNlF2dlpFaXdWRzJVdTdpQTJQbVRlRzlESVBFOUNqTHRhV1N1cjJsTE1uR1FjVmNvMGtfRTkycWJncVR5UHIyd2lfWFFub0x6cXN2Z19ONVFHa21qN3ZtS0pQZWt5dDJsQ3NIZlRZWVpHTmx5VlVmbm40QkJIalZ3OTR4UjlLbjZuYkN2aHc3Z2wtenlOQkkzazgydXR1dlNtQ3JyR2EyR203d1lB?oc=5,"Tue, 09 Sep 2025 16:00:00 GMT","<a href=""https://news.google.com/rss/articles/CBMi4gFBVV95cUxOSk5OUXVvWkZHSjk2NXpya2NxS0dPSHUyUjRBb0otSktlamJRMUJEcFBMRkJhc2czWGtUcTRSNlF2dlpFaXdWRzJVdTdpQTJQbVRlRzlESVBFOUNqTHRhV1N1cjJsTE1uR1FjVmNvMGtfRTkycWJncVR5UHIyd2lfWFFub0x6cXN2Z19ONVFHa21qN3ZtS0pQZWt5dDJsQ3NIZlRZWVpHTmx5VlVmbm40QkJIalZ3OTR4UjlLbjZuYkN2aHc3Z2wtenlOQkkzazgydXR1dlNtQ3JyR2EyR203d1lB?oc=5"" target=""_blank"">Vermont man who shot Springfield cop gets prison for other crimes</a>&nbsp;&nbsp;<font color=""#6f6f6f"">Bennington Banner</font>",,RSS Feed
Vermont resident cited for discharging gun during a ‘citizen dispute’ - yahoo.com,https://news.google.com/rss/articles/CBMikwFBVV95cUxQeWEydElSdDhBWGk4dy15dGV2eWtxbFBhVmtoTUVOclloS3hpT2g3OGpwQzlzM0h3R1dUMnFobENHY1ZuLXN4T2NXWGtHZFhDeUhtWWpYUHpYWDQ5MkRPYkVaN1hHdVRlNk9QQjg3RlBzQkpVaHlDS0MwdnQzbmpyVkVJOTE5cmJvY18tcVpfdFExRnM?oc=5,"Thu, 11 Sep 2025 12:24:41 GMT","<a href=""https://news.google.com/rss/articles/CBMikwFBVV95cUxQeWEydElSdDhBWGk4dy15dGV2eWtxbFBhVmtoTUVOclloS3hpT2g3OGpwQzlzM0h3R1dUMnFobENHY1ZuLXN4T2NXWGtHZFhDeUhtWWpYUHpYWDQ5MkRPYkVaN1hHdVRlNk9QQjg3RlBzQkpVaHlDS0MwdnQzbmpyVkVJOTE5cmJvY18tcVpfdFExRnM?oc=5"" target=""_blank"">Vermont resident cited for discharging gun during a ‘citizen dispute’</a>&nbsp;&nbsp;<font color=""#6f6f6f"">yahoo.com</font>",,RSS Feed
"Vermont man sentenced for bank robberies, gun crimes - WCAX",https://news.google.com/rss/articles/CBMihwFBVV95cUxOZmtJZ1VVNWRvZXZBMU16MkJRYUQ1LTY5ZjJLelJON1p0aXF2OFV0TTVlQkxBelgwbXRfT2tkY3E4YzRNVHRRMVdjTkZ4N2xLU2tzTnBNc1o1R1pHNDdJcWVOZlQtSGdmUVRNMVVrVE5kSnhfSmZmaFpidmJJMVBOLU10YTZPdFnSAZsBQVVfeXFMTlhfWWtLb3BHLW52N1l4R0dMZWY1bWVNU3kxbGRZMVJPSTNIeGI1SVNKejl2U09ncnFfNjZmZ1dkOXh1bDNPaGZGVDRadEx2bXJXRnFUTHd6RHZ6Yl9JTklhOW9CRnk5dmpzT1hjRVMydHBfSUZ6M3I4SXVUcWkxZ1RCWTFPVkNEbE1yM25PZDZGMUxTWGdkeDRoVm8?oc=5,"Tue, 02 Sep 2025 18:45:00 GMT","<a href=""https://news.google.com/rss/articles/CBMihwFBVV95cUxOZmtJZ1VVNWRvZXZBMU16MkJRYUQ1LTY5ZjJLelJON1p0aXF2OFV0TTVlQkxBelgwbXRfT2tkY3E4YzRNVHRRMVdjTkZ4N2xLU2tzTnBNc1o1R1pHNDdJcWVOZlQtSGdmUVRNMVVrVE5kSnhfSmZmaFpidmJJMVBOLU10YTZPdFnSAZsBQVVfeXFMTlhfWWtLb3BHLW52N1l4R0dMZWY1bWVNU3kxbGRZMVJPSTNIeGI1SVNKejl2U09ncnFfNjZmZ1dkOXh1bDNPaGZGVDRadEx2bXJXRnFUTHd6RHZ6Yl9JTklhOW9CRnk5dmpzT1hjRVMydHBfSUZ6M3I4SXVUcWkxZ1RCWTFPVkNEbE1yM25PZDZGMUxTWGdkeDRoVm8?oc=5"" target=""_blank"">Vermont man sentenced for bank robberies, gun crimes</a>&nbsp;&nbsp;<font color=""#6f6f6f"">WCAX</font>",,RSS Feed
Vermont Senate considers move to ban guns in Burlington bars - Vermont Public,https://news.google.com/rss/articles/CBMisgFBVV95cUxOS0Z6WVowWW02ejRyR0FOU2JfZmpuV0JKZWdSSGhOSDhqNmcyWUlOMHFEdXZkSDhCX3YzMWtuM0Z6c3MxYmJaWWJNT1NlMFRmT2VHX3ZCVTNfYXgtTVZZcHIxYzR2ZEYzMlRSYWtsYWhBaXY2VVRNRU43WXljMW1SRUhMZGhRalhnSHRVVGdyMHUwY2dNN2Rrb21RRGNIb1Nzb2dSamxaQUdWc0NkZXJoRUNn?oc=5,"Thu, 24 Apr 2025 07:00:00 GMT","<a href=""https://news.google.com/rss/articles/CBMisgFBVV95cUxOS0Z6WVowWW02ejRyR0FOU2JfZmpuV0JKZWdSSGhOSDhqNmcyWUlOMHFEdXZkSDhCX3YzMWtuM0Z6c3MxYmJaWWJNT1NlMFRmT2VHX3ZCVTNfYXgtTVZZcHIxYzR2ZEYzMlRSYWtsYWhBaXY2VVRNRU43WXljMW1SRUhMZGhRalhnSHRVVGdyMHUwY2dNN2Rrb21RRGNIb1Nzb2dSamxaQUdWc0NkZXJoRUNn?oc=5"" target=""_blank"">Vermont Senate considers move to ban guns in Burlington bars</a>&nbsp;&nbsp;<font color=""#6f6f6f"">Vermont Public</font>",,RSS Feed
Zizians group member to be arraigned on murder charge in Vermont border agent's death - ABC News,https://news.google.com/rss/articles/CBMiqAFBVV95cUxNQUs5bEhndlNDRjBEZkQ2b3RUNTdSTVF4YmRkN0U4Rmp1Vkt5WmlIR0htTjhGTmlWNGpGeUVQczJoemp4a1NHeUJFRDVsX0lOR3hOcDBJeUFodllFVjhSQnJRSkZkb05YWmktQXh3LVAyTTRNcnB5SXJhWGpNM1l5c2piN1hsOGkwZEREWGh5YV9lVnpYZElrSC1WbmlTSFhfM3pEWXpqcTnSAa4BQVVfeXFMTm1EOGNPejBxM2lQNVlxV2J6TkZ4UERtMEV3N2ZIdTJnYXFCTWd3RV9JbzBCSk9VMS1lOXI4QnpRLWhGbWtzWWs3b3VaZEM4cWZlTnAtZkRzTkYyQTlKclhJZzkyWDVvckhDbVI2VVFObmFfT2xlV2dQZEtrc3BVU0V4SGxQV2ttdDdOc1VmdHhDVHI3MXZiMnVJd2dmTE5YcFNnUXpvekhkTmtVNlhR?oc=5,"Fri, 05 Sep 2025 11:34:38 GMT","<a href=""https://news.google.com/rss/articles/CBMiqAFBVV95cUxNQUs5bEhndlNDRjBEZkQ2b3RUNTdSTVF4YmRkN0U4Rmp1Vkt5WmlIR0htTjhGTmlWNGpGeUVQczJoemp4a1NHeUJFRDVsX0lOR3hOcDBJeUFodllFVjhSQnJRSkZkb05YWmktQXh3LVAyTTRNcnB5SXJhWGpNM1l5c2piN1hsOGkwZEREWGh5YV9lVnpYZElrSC1WbmlTSFhfM3pEWXpqcTnSAa4BQVVfeXFMTm1EOGNPejBxM2lQNVlxV2J6TkZ4UERtMEV3N2ZIdTJnYXFCTWd3RV9JbzBCSk9VMS1lOXI4QnpRLWhGbWtzWWs3b3VaZEM4cWZlTnAtZkRzTkYyQTlKclhJZzkyWDVvckhDbVI2VVFObmFfT2xlV2dQZEtrc3BVU0V4SGxQV2ttdDdOc1VmdHhDVHI3MXZiMnVJd2dmTE5YcFNnUXpvekhkTmtVNlhR?oc=5"" target=""_blank"">Zizians group member to be arraigned on murder charge in Vermont border agent's death</a>&nbsp;&nbsp;<font color=""#6f6f6f"">ABC News</font>",,RSS Feed
