title,link,published,summary,source,content,id
"Assassination in Utah, school shooting in Colorado: one day in US gun violence - The Guardian",https://news.google.com/rss/articles/CBMinwFBVV95cUxQVk5HNDFhWWc1T29pT2xBSkNadXFBMDJGSGpvR3dwLW5LSUV1LWNsalpkWFRFdzdzdDFWZkwxRFZtUktIM042RDRZUEhGWnFyeFFwRmJIRk9rWEl4bmxvTktwZmRhNjdvUVc0cjZ1ZDZLUHVQSU42ZHRiRXUzWndPTjVmaVdmemtLZlI2TVJ1V0pzcmtlbXdLNFdvakVTWUE?oc=5,"Sat, 13 Sep 2025 13:00:00 GMT","<a href=""https://news.google.com/rss/articles/CBMinwFBVV95cUxQVk5HNDFhWWc1T29pT2xBSkNadXFBMDJGSGpvR3dwLW5LSUV1LWNsalpkWFRFdzdzdDFWZkwxRFZtUktIM042RDRZUEhGWnFyeFFwRmJIRk9rWEl4bmxvTktwZmRhNjdvUVc0cjZ1ZDZLUHVQSU42ZHRiRXUzWndPTjVmaVdmemtLZlI2TVJ1V0pzcmtlbXdLNFdvakVTWUE?oc=5"" target=""_blank"">Assassination in Utah, school shooting in Colorado: one day in US gun violence</a>&nbsp;&nbsp;<font color=""#6f6f6f"">The Guardian</font>",RSS Feed,"<a href=""https://news.google.com/rss/articles/CBMinwFBVV95cUxQVk5HNDFhWWc1T29pT2xBSkNadXFBMDJGSGpvR3dwLW5LSUV1LWNsalpkWFRFdzdzdDFWZkwxRFZtUktIM042RDRZUEhGWnFyeFFwRmJIRk9rWEl4bmxvTktwZmRhNjdvUVc0cjZ1ZDZLUHVQSU42ZHRiRXUzWndPTjVmaVdmemtLZlI2TVJ1V0pzcmtlbXdLNFdvakVTWUE?oc=5"" target=""_blank"">Assassination in Utah, school shooting in Colorado: one day in US gun violence</a>&nbsp;&nbsp;<font color=""#6f6f6f"">The Guardian</font>",rss_1757826250989_kzwx4ts1l
Charlie Kirk’s Assassination Is Part of a Trend: Spiking Gun Violence in Red States - The Intercept,https://news.google.com/rss/articles/CBMifkFVX3lxTFBTVGhRdVlIaTd2empQNGVNdzFrWF8yd3puRmtwSm05MTVsVmJDVDYxM2g3bmpzcGxYcklSM3FoVkdXTjdUNmhDdm5TSW1ILU5va201V3hvTm91ODRheUZRWE9hNFVqN2RRSGtJS1Z1RnZVNzFldHM5RmUzR0s2QQ?oc=5,"Fri, 12 Sep 2025 09:00:00 GMT","<a href=""https://news.google.com/rss/articles/CBMifkFVX3lxTFBTVGhRdVlIaTd2empQNGVNdzFrWF8yd3puRmtwSm05MTVsVmJDVDYxM2g3bmpzcGxYcklSM3FoVkdXTjdUNmhDdm5TSW1ILU5va201V3hvTm91ODRheUZRWE9hNFVqN2RRSGtJS1Z1RnZVNzFldHM5RmUzR0s2QQ?oc=5"" target=""_blank"">Charlie Kirk’s Assassination Is Part of a Trend: Spiking Gun Violence in Red States</a>&nbsp;&nbsp;<font color=""#6f6f6f"">The Intercept</font>",RSS Feed,"<a href=""https://news.google.com/rss/articles/CBMifkFVX3lxTFBTVGhRdVlIaTd2empQNGVNdzFrWF8yd3puRmtwSm05MTVsVmJDVDYxM2g3bmpzcGxYcklSM3FoVkdXTjdUNmhDdm5TSW1ILU5va201V3hvTm91ODRheUZRWE9hNFVqN2RRSGtJS1Z1RnZVNzFldHM5RmUzR0s2QQ?oc=5"" target=""_blank"">Charlie Kirk’s Assassination Is Part of a Trend: Spiking Gun Violence in Red States</a>&nbsp;&nbsp;<font color=""#6f6f6f"">The Intercept</font>",rss_1757826250989_6gho9r8jj
"Since Columbine in 1999, Colorado continues to be scarred by gun violence - CNN",https://news.google.com/rss/articles/CBMic0FVX3lxTE8xclk0U3Q1UG9GX0ZlTlJMME9TczlyY1RFcUVoOVA0eGJTSldBUEtQa2tPZzJrcjdmaU5JX2lqMXR1cVZkRWhmSHV0eUZQcHhoTU9xS3BqcWNrclBMTzVsdWJwSzAxWmg2VDNtUnZzeHlveDA?oc=5,"Thu, 11 Sep 2025 09:30:05 GMT","<a href=""https://news.google.com/rss/articles/CBMic0FVX3lxTE8xclk0U3Q1UG9GX0ZlTlJMME9TczlyY1RFcUVoOVA0eGJTSldBUEtQa2tPZzJrcjdmaU5JX2lqMXR1cVZkRWhmSHV0eUZQcHhoTU9xS3BqcWNrclBMTzVsdWJwSzAxWmg2VDNtUnZzeHlveDA?oc=5"" target=""_blank"">Since Columbine in 1999, Colorado continues to be scarred by gun violence</a>&nbsp;&nbsp;<font color=""#6f6f6f"">CNN</font>",RSS Feed,"<a href=""https://news.google.com/rss/articles/CBMic0FVX3lxTE8xclk0U3Q1UG9GX0ZlTlJMME9TczlyY1RFcUVoOVA0eGJTSldBUEtQa2tPZzJrcjdmaU5JX2lqMXR1cVZkRWhmSHV0eUZQcHhoTU9xS3BqcWNrclBMTzVsdWJwSzAxWmg2VDNtUnZzeHlveDA?oc=5"" target=""_blank"">Since Columbine in 1999, Colorado continues to be scarred by gun violence</a>&nbsp;&nbsp;<font color=""#6f6f6f"">CNN</font>",rss_1757826250989_sqodb33x5
Students in Jefferson County hold walkouts to protest gun violence - KUSA.com,https://news.google.com/rss/articles/CBMi6AFBVV95cUxPeVl5WlZGZ3c0dXpjd0E0ejV6OFZKVl9MSGF4SlctQUFiQkQtRzVpQzBDa3BKTEY0OWthNjZoazViYVRjd3hwVXpnZWx2SVRBZE1ENmhXRDJIUkotTzVRZkgwem1SQ3o4Qkd5LTBVMzBsbWtkTDZiRE9JMGFUZjY1MGZLdnF4cUp5dnRDb2VwRFA2Y0oybmpWbk1aTktLRzJsRkFJcXktZHBnSnNrMVpXT0R6aDlveW1IdHYtZEMtQWhrZUtkVjVVZVU2bFRzYmc4V3BTQ3VCbVBRQzFySDJmaW0tdUpSeDhD?oc=5,"Sat, 13 Sep 2025 01:27:00 GMT","<a href=""https://news.google.com/rss/articles/CBMi6AFBVV95cUxPeVl5WlZGZ3c0dXpjd0E0ejV6OFZKVl9MSGF4SlctQUFiQkQtRzVpQzBDa3BKTEY0OWthNjZoazViYVRjd3hwVXpnZWx2SVRBZE1ENmhXRDJIUkotTzVRZkgwem1SQ3o4Qkd5LTBVMzBsbWtkTDZiRE9JMGFUZjY1MGZLdnF4cUp5dnRDb2VwRFA2Y0oybmpWbk1aTktLRzJsRkFJcXktZHBnSnNrMVpXT0R6aDlveW1IdHYtZEMtQWhrZUtkVjVVZVU2bFRzYmc4V3BTQ3VCbVBRQzFySDJmaW0tdUpSeDhD?oc=5"" target=""_blank"">Students in Jefferson County hold walkouts to protest gun violence</a>&nbsp;&nbsp;<font color=""#6f6f6f"">KUSA.com</font>",RSS Feed,"<a href=""https://news.google.com/rss/articles/CBMi6AFBVV95cUxPeVl5WlZGZ3c0dXpjd0E0ejV6OFZKVl9MSGF4SlctQUFiQkQtRzVpQzBDa3BKTEY0OWthNjZoazViYVRjd3hwVXpnZWx2SVRBZE1ENmhXRDJIUkotTzVRZkgwem1SQ3o4Qkd5LTBVMzBsbWtkTDZiRE9JMGFUZjY1MGZLdnF4cUp5dnRDb2VwRFA2Y0oybmpWbk1aTktLRzJsRkFJcXktZHBnSnNrMVpXT0R6aDlveW1IdHYtZEMtQWhrZUtkVjVVZVU2bFRzYmc4V3BTQ3VCbVBRQzFySDJmaW0tdUpSeDhD?oc=5"" target=""_blank"">Students in Jefferson County hold walkouts to protest gun violence</a>&nbsp;&nbsp;<font color=""#6f6f6f"">KUSA.com</font>",rss_1757826250989_co810qshf
Witnesses say Charlie Kirk was debating about gun violence before deadly shooting - cbsnews.com,https://news.google.com/rss/articles/CBMihwFBVV95cUxPTDllaGpSMTRSY2szUWpwTUxzWjVjMEtoT2hLZmx6VjlZZ190QTRTal9tUEpnNmlmM0RGeUNkdkI0RFo5NVNhUVZDRlFlM09ZdGpjZzBPQlg1MjV3QW1TdXh4ZXNxTm42WEJ5YmFtYkxUQVVzWmttcWs4TVV1bjNRMmM2TUF5WnPSAYwBQVVfeXFMT3JKQ1VQVmFzclpHVTBWa19OWXdJY2N2Q1h0ckpLcWRJZDJnamRtSlJLcDluZ2hSRnpZYlROclRxallHVUg3NnRqdnJ4QjN0d3NtT0VrNXVDdmk0UzM2emJzNmNDdDBtNmFWWUR1ZjhoQTAzTWpCQlYxSW9FZXZSUF9QbnBCOFRWd3Y0bFQ?oc=5,"Thu, 11 Sep 2025 00:08:00 GMT","<a href=""https://news.google.com/rss/articles/CBMihwFBVV95cUxPTDllaGpSMTRSY2szUWpwTUxzWjVjMEtoT2hLZmx6VjlZZ190QTRTal9tUEpnNmlmM0RGeUNkdkI0RFo5NVNhUVZDRlFlM09ZdGpjZzBPQlg1MjV3QW1TdXh4ZXNxTm42WEJ5YmFtYkxUQVVzWmttcWs4TVV1bjNRMmM2TUF5WnPSAYwBQVVfeXFMT3JKQ1VQVmFzclpHVTBWa19OWXdJY2N2Q1h0ckpLcWRJZDJnamRtSlJLcDluZ2hSRnpZYlROclRxallHVUg3NnRqdnJ4QjN0d3NtT0VrNXVDdmk0UzM2emJzNmNDdDBtNmFWWUR1ZjhoQTAzTWpCQlYxSW9FZXZSUF9QbnBCOFRWd3Y0bFQ?oc=5"" target=""_blank"">Witnesses say Charlie Kirk was debating about gun violence before deadly shooting</a>&nbsp;&nbsp;<font color=""#6f6f6f"">cbsnews.com</font>",RSS Feed,"<a href=""https://news.google.com/rss/articles/CBMihwFBVV95cUxPTDllaGpSMTRSY2szUWpwTUxzWjVjMEtoT2hLZmx6VjlZZ190QTRTal9tUEpnNmlmM0RGeUNkdkI0RFo5NVNhUVZDRlFlM09ZdGpjZzBPQlg1MjV3QW1TdXh4ZXNxTm42WEJ5YmFtYkxUQVVzWmttcWs4TVV1bjNRMmM2TUF5WnPSAYwBQVVfeXFMT3JKQ1VQVmFzclpHVTBWa19OWXdJY2N2Q1h0ckpLcWRJZDJnamRtSlJLcDluZ2hSRnpZYlROclRxallHVUg3NnRqdnJ4QjN0d3NtT0VrNXVDdmk0UzM2emJzNmNDdDBtNmFWWUR1ZjhoQTAzTWpCQlYxSW9FZXZSUF9QbnBCOFRWd3Y0bFQ?oc=5"" target=""_blank"">Witnesses say Charlie Kirk was debating about gun violence before deadly shooting</a>&nbsp;&nbsp;<font color=""#6f6f6f"">cbsnews.com</font>",rss_1757826250989_ydhm5e8i1
I was shot in the neck. Charlie Kirk's shooting shows danger of normalizing violence. | Opinion - USA Today,https://news.google.com/rss/articles/CBMisAFBVV95cUxPcC1Kd1BfYmZiRzZQS25iREJlWGkzZ0puLWFtLUphR3RjcDRJU0VIMWdpMFA4dUhmQkNDdTJYUkU4ejNLOTZhX1NBa2tDck1oQngzZ09lMEZrRjJqSXBuVTlmN1Y3a25oQnRON1FETngzTWlJdVVxbXdxVTNNRFRraUpXMXczSXY4aGV6RWJ0VmdtMkl4Z3A2NF9TUFBvRDQxX1Y4SDg1M0xuZ1oxTmxhWg?oc=5,"Sun, 14 Sep 2025 03:47:18 GMT","<a href=""https://news.google.com/rss/articles/CBMisAFBVV95cUxPcC1Kd1BfYmZiRzZQS25iREJlWGkzZ0puLWFtLUphR3RjcDRJU0VIMWdpMFA4dUhmQkNDdTJYUkU4ejNLOTZhX1NBa2tDck1oQngzZ09lMEZrRjJqSXBuVTlmN1Y3a25oQnRON1FETngzTWlJdVVxbXdxVTNNRFRraUpXMXczSXY4aGV6RWJ0VmdtMkl4Z3A2NF9TUFBvRDQxX1Y4SDg1M0xuZ1oxTmxhWg?oc=5"" target=""_blank"">I was shot in the neck. Charlie Kirk's shooting shows danger of normalizing violence. | Opinion</a>&nbsp;&nbsp;<font color=""#6f6f6f"">USA Today</font>",RSS Feed,"<a href=""https://news.google.com/rss/articles/CBMisAFBVV95cUxPcC1Kd1BfYmZiRzZQS25iREJlWGkzZ0puLWFtLUphR3RjcDRJU0VIMWdpMFA4dUhmQkNDdTJYUkU4ejNLOTZhX1NBa2tDck1oQngzZ09lMEZrRjJqSXBuVTlmN1Y3a25oQnRON1FETngzTWlJdVVxbXdxVTNNRFRraUpXMXczSXY4aGV6RWJ0VmdtMkl4Z3A2NF9TUFBvRDQxX1Y4SDg1M0xuZ1oxTmxhWg?oc=5"" target=""_blank"">I was shot in the neck. Charlie Kirk's shooting shows danger of normalizing violence. | Opinion</a>&nbsp;&nbsp;<font color=""#6f6f6f"">USA Today</font>",rss_1757826250989_nz421f6yz
Gun Violence To 'China Virus': A Look At Charlie Kirk's Controversial Takes - NDTV,https://news.google.com/rss/articles/CBMi0gFBVV95cUxOQTJBSlNTb0p1Y0ZILTlkcG1XT2E3dWRfeGVJeDBuNXNFX1duQ0lRaFNWTmFydmdDQmtQU3dUYjY1MWVody1qYlp0cWZ6bi1SQmREcndZUGQzWk1GZ3J3SlcycHoyLVhJVmVBTzE2WU41SVljQ05PMzItYkEtbVA3eW1UZ3dVNGdfRjRCQ1JHTTAyWHdISm4xSklSMGItbk44bTFQT01CdUNtUmJZb09rZ09qbHZQUnZsR1ljTWZNMWtVOC1KMHQtZEliSmJyc1FQREHSAdoBQVVfeXFMTTU4al9zc2RWQzg2bmlVX2hKcjExVTRkaGpSX3gzVGtxOVZmd0FIR3dQV3FqUm53QVhpdEU3Qk1BdG9qbUtYcDEwT0N1bkI3Y1dUQkpkcDctV014dmVpZnVpX0VhSE9maUdadEdRV295UzJ5OVIzclhHQW1ybHI3X3RSMTUxMlkwMW51MzZla25VZVlkV0hzeVRGaVczZmYxNW11Y0FhdlJSOWZHZ0JfaTFfSnJfMlhDdGlGWG1KX1p2N0M0YV85MHc3Zmo5R0RBdUVUVjZfdlZjcFE?oc=5,"Thu, 11 Sep 2025 06:52:08 GMT","<a href=""https://news.google.com/rss/articles/CBMi0gFBVV95cUxOQTJBSlNTb0p1Y0ZILTlkcG1XT2E3dWRfeGVJeDBuNXNFX1duQ0lRaFNWTmFydmdDQmtQU3dUYjY1MWVody1qYlp0cWZ6bi1SQmREcndZUGQzWk1GZ3J3SlcycHoyLVhJVmVBTzE2WU41SVljQ05PMzItYkEtbVA3eW1UZ3dVNGdfRjRCQ1JHTTAyWHdISm4xSklSMGItbk44bTFQT01CdUNtUmJZb09rZ09qbHZQUnZsR1ljTWZNMWtVOC1KMHQtZEliSmJyc1FQREHSAdoBQVVfeXFMTTU4al9zc2RWQzg2bmlVX2hKcjExVTRkaGpSX3gzVGtxOVZmd0FIR3dQV3FqUm53QVhpdEU3Qk1BdG9qbUtYcDEwT0N1bkI3Y1dUQkpkcDctV014dmVpZnVpX0VhSE9maUdadEdRV295UzJ5OVIzclhHQW1ybHI3X3RSMTUxMlkwMW51MzZla25VZVlkV0hzeVRGaVczZmYxNW11Y0FhdlJSOWZHZ0JfaTFfSnJfMlhDdGlGWG1KX1p2N0M0YV85MHc3Zmo5R0RBdUVUVjZfdlZjcFE?oc=5"" target=""_blank"">Gun Violence To 'China Virus': A Look At Charlie Kirk's Controversial Takes</a>&nbsp;&nbsp;<font color=""#6f6f6f"">NDTV</font>",RSS Feed,"<a href=""https://news.google.com/rss/articles/CBMi0gFBVV95cUxOQTJBSlNTb0p1Y0ZILTlkcG1XT2E3dWRfeGVJeDBuNXNFX1duQ0lRaFNWTmFydmdDQmtQU3dUYjY1MWVody1qYlp0cWZ6bi1SQmREcndZUGQzWk1GZ3J3SlcycHoyLVhJVmVBTzE2WU41SVljQ05PMzItYkEtbVA3eW1UZ3dVNGdfRjRCQ1JHTTAyWHdISm4xSklSMGItbk44bTFQT01CdUNtUmJZb09rZ09qbHZQUnZsR1ljTWZNMWtVOC1KMHQtZEliSmJyc1FQREHSAdoBQVVfeXFMTTU4al9zc2RWQzg2bmlVX2hKcjExVTRkaGpSX3gzVGtxOVZmd0FIR3dQV3FqUm53QVhpdEU3Qk1BdG9qbUtYcDEwT0N1bkI3Y1dUQkpkcDctV014dmVpZnVpX0VhSE9maUdadEdRV295UzJ5OVIzclhHQW1ybHI3X3RSMTUxMlkwMW51MzZla25VZVlkV0hzeVRGaVczZmYxNW11Y0FhdlJSOWZHZ0JfaTFfSnJfMlhDdGlGWG1KX1p2N0M0YV85MHc3Zmo5R0RBdUVUVjZfdlZjcFE?oc=5"" target=""_blank"">Gun Violence To 'China Virus': A Look At Charlie Kirk's Controversial Takes</a>&nbsp;&nbsp;<font color=""#6f6f6f"">NDTV</font>",rss_1757826250989_37agdonso
"As U.S. faces deadly week, gun violence experts lament end of prevention research - statnews.com",https://news.google.com/rss/articles/CBMihgFBVV95cUxQdlBFRWpKYUNoYWVUOTRxWlBLMVhaS1BKVGJqc1pFX1FHbWJJUlh4NjluaFZYaVNKNnJYQ2xGeThlZC1kem4wLXU1T3BDX0V0bWRJQW5HeWRTeG1YWFd5TWZYVnBIT1FFemt3azhnYlVsSFR0dXlqbVNHTFNqS25mU1ZUYzVydw?oc=5,"Fri, 12 Sep 2025 20:02:55 GMT","<a href=""https://news.google.com/rss/articles/CBMihgFBVV95cUxQdlBFRWpKYUNoYWVUOTRxWlBLMVhaS1BKVGJqc1pFX1FHbWJJUlh4NjluaFZYaVNKNnJYQ2xGeThlZC1kem4wLXU1T3BDX0V0bWRJQW5HeWRTeG1YWFd5TWZYVnBIT1FFemt3azhnYlVsSFR0dXlqbVNHTFNqS25mU1ZUYzVydw?oc=5"" target=""_blank"">As U.S. faces deadly week, gun violence experts lament end of prevention research</a>&nbsp;&nbsp;<font color=""#6f6f6f"">statnews.com</font>",RSS Feed,"<a href=""https://news.google.com/rss/articles/CBMihgFBVV95cUxQdlBFRWpKYUNoYWVUOTRxWlBLMVhaS1BKVGJqc1pFX1FHbWJJUlh4NjluaFZYaVNKNnJYQ2xGeThlZC1kem4wLXU1T3BDX0V0bWRJQW5HeWRTeG1YWFd5TWZYVnBIT1FFemt3azhnYlVsSFR0dXlqbVNHTFNqS25mU1ZUYzVydw?oc=5"" target=""_blank"">As U.S. faces deadly week, gun violence experts lament end of prevention research</a>&nbsp;&nbsp;<font color=""#6f6f6f"">statnews.com</font>",rss_1757826250989_ts8reypch
JeffCo students walkout of school to protest gun violence in solidarity with Evergreen students - Colorado Public Radio,https://news.google.com/rss/articles/CBMimgFBVV95cUxPNktocC1NWHFlb2RhZTN6Z0xsbDR1cVJ2TTJDRWtmV1JxTmFjckdMMGp3MjJXa3dObGtTLWJMVE51dXRjVFZfU3pQaENjcFgxOHpKVHRXNGhfRDNkSjdEWGxvb2RvOUJWMU04Y3FuOVBJVzJyWERmam9QUFhGNnpCOEZqeU9ibHRfbFVDdk5GOVkwdTdrSmw5OTJ3?oc=5,"Fri, 12 Sep 2025 21:42:51 GMT","<a href=""https://news.google.com/rss/articles/CBMimgFBVV95cUxPNktocC1NWHFlb2RhZTN6Z0xsbDR1cVJ2TTJDRWtmV1JxTmFjckdMMGp3MjJXa3dObGtTLWJMVE51dXRjVFZfU3pQaENjcFgxOHpKVHRXNGhfRDNkSjdEWGxvb2RvOUJWMU04Y3FuOVBJVzJyWERmam9QUFhGNnpCOEZqeU9ibHRfbFVDdk5GOVkwdTdrSmw5OTJ3?oc=5"" target=""_blank"">JeffCo students walkout of school to protest gun violence in solidarity with Evergreen students</a>&nbsp;&nbsp;<font color=""#6f6f6f"">Colorado Public Radio</font>",RSS Feed,"<a href=""https://news.google.com/rss/articles/CBMimgFBVV95cUxPNktocC1NWHFlb2RhZTN6Z0xsbDR1cVJ2TTJDRWtmV1JxTmFjckdMMGp3MjJXa3dObGtTLWJMVE51dXRjVFZfU3pQaENjcFgxOHpKVHRXNGhfRDNkSjdEWGxvb2RvOUJWMU04Y3FuOVBJVzJyWERmam9QUFhGNnpCOEZqeU9ibHRfbFVDdk5GOVkwdTdrSmw5OTJ3?oc=5"" target=""_blank"">JeffCo students walkout of school to protest gun violence in solidarity with Evergreen students</a>&nbsp;&nbsp;<font color=""#6f6f6f"">Colorado Public Radio</font>",rss_1757826250989_h5b5abi6l
WATCH: Kennedy says NIH is studying possible causes of U.S. gun violence - PBS,https://news.google.com/rss/articles/CBMiqgFBVV95cUxObDd5TXdrcWNEc2RZQkxnMG00ZVplcnBldkhLYTd2cncyY01IR0pWVVRvNTMtbEg3S2Z6cjFnWmlxSXZBQlVzQTdDaXE5LWQ2SlFVTWYwTVFkVFhOR1JrLVVJVGd3RWwyNDdzWUVpQjcwQlNxOXNoZTNNMDczajJBSlZFNWxqLW5OdHpuZnpCcUZFUW5SekhMakJuMW9vNm9yMzdvdE1zbTVhZ9IBrwFBVV95cUxOeGg5ZEZVVmwwN1BybDRrSWhJLXBnOXJYdHktLXYySHJYaWdLN1F2NXNYSGRUWEJnY3pSWktuTjJFZ2dpUDJKd3pxZ3NoZEdtdk5CT3VUdEpRQkNuMUVTMzFFdHJKUjVEWnNSRHVYY2h6bk1WREpjZ3htZkEwbFFxNzd1ZFdJeEtPRC1EeW9OM1Ftb19ZREt3U2xFZ3FYV25Vd1QyTGFUbkRiVEFGTDE4?oc=5,"Tue, 09 Sep 2025 20:57:03 GMT","<a href=""https://news.google.com/rss/articles/CBMiqgFBVV95cUxObDd5TXdrcWNEc2RZQkxnMG00ZVplcnBldkhLYTd2cncyY01IR0pWVVRvNTMtbEg3S2Z6cjFnWmlxSXZBQlVzQTdDaXE5LWQ2SlFVTWYwTVFkVFhOR1JrLVVJVGd3RWwyNDdzWUVpQjcwQlNxOXNoZTNNMDczajJBSlZFNWxqLW5OdHpuZnpCcUZFUW5SekhMakJuMW9vNm9yMzdvdE1zbTVhZ9IBrwFBVV95cUxOeGg5ZEZVVmwwN1BybDRrSWhJLXBnOXJYdHktLXYySHJYaWdLN1F2NXNYSGRUWEJnY3pSWktuTjJFZ2dpUDJKd3pxZ3NoZEdtdk5CT3VUdEpRQkNuMUVTMzFFdHJKUjVEWnNSRHVYY2h6bk1WREpjZ3htZkEwbFFxNzd1ZFdJeEtPRC1EeW9OM1Ftb19ZREt3U2xFZ3FYV25Vd1QyTGFUbkRiVEFGTDE4?oc=5"" target=""_blank"">WATCH: Kennedy says NIH is studying possible causes of U.S. gun violence</a>&nbsp;&nbsp;<font color=""#6f6f6f"">PBS</font>",RSS Feed,"<a href=""https://news.google.com/rss/articles/CBMiqgFBVV95cUxObDd5TXdrcWNEc2RZQkxnMG00ZVplcnBldkhLYTd2cncyY01IR0pWVVRvNTMtbEg3S2Z6cjFnWmlxSXZBQlVzQTdDaXE5LWQ2SlFVTWYwTVFkVFhOR1JrLVVJVGd3RWwyNDdzWUVpQjcwQlNxOXNoZTNNMDczajJBSlZFNWxqLW5OdHpuZnpCcUZFUW5SekhMakJuMW9vNm9yMzdvdE1zbTVhZ9IBrwFBVV95cUxOeGg5ZEZVVmwwN1BybDRrSWhJLXBnOXJYdHktLXYySHJYaWdLN1F2NXNYSGRUWEJnY3pSWktuTjJFZ2dpUDJKd3pxZ3NoZEdtdk5CT3VUdEpRQkNuMUVTMzFFdHJKUjVEWnNSRHVYY2h6bk1WREpjZ3htZkEwbFFxNzd1ZFdJeEtPRC1EeW9OM1Ftb19ZREt3U2xFZ3FYV25Vd1QyTGFUbkRiVEFGTDE4?oc=5"" target=""_blank"">WATCH: Kennedy says NIH is studying possible causes of U.S. gun violence</a>&nbsp;&nbsp;<font color=""#6f6f6f"">PBS</font>",rss_1757826250989_3rjc98x6f
Summer 2025 violence: Tracking shootings across Chicago | Live updates - ABC7 Chicago,https://news.google.com/rss/articles/CBMiygFBVV95cUxQQ2Y5bVVISEpncmh4R3Vkbm9aWnA0aXBwQlFkS0Y1Z3l3THdiMnRXcnZ3Z0xQaUY3WlhUMTdCTW1UbGU0ejNfaFV0TDFHNGNoYnJaUmJSVk03eW9IMXlIRVNLYUZKOVJUSzZjaVdmSE1UbnVLX3VBZHUwMFRReDdkMDlhNTl2RG5PLTc2Z0FIZ19CZGtoYWNqaHRqWEF1OG5mUktHVjRVdTVja0VQQjVnSWlDVVZ3c2t4YWIwWi1BNk1PRU1HVVM2aERR?oc=5,"Fri, 20 Jun 2025 15:08:45 GMT","<a href=""https://news.google.com/rss/articles/CBMiygFBVV95cUxQQ2Y5bVVISEpncmh4R3Vkbm9aWnA0aXBwQlFkS0Y1Z3l3THdiMnRXcnZ3Z0xQaUY3WlhUMTdCTW1UbGU0ejNfaFV0TDFHNGNoYnJaUmJSVk03eW9IMXlIRVNLYUZKOVJUSzZjaVdmSE1UbnVLX3VBZHUwMFRReDdkMDlhNTl2RG5PLTc2Z0FIZ19CZGtoYWNqaHRqWEF1OG5mUktHVjRVdTVja0VQQjVnSWlDVVZ3c2t4YWIwWi1BNk1PRU1HVVM2aERR?oc=5"" target=""_blank"">Summer 2025 violence: Tracking shootings across Chicago | Live updates</a>&nbsp;&nbsp;<font color=""#6f6f6f"">ABC7 Chicago</font>",RSS Feed,"<a href=""https://news.google.com/rss/articles/CBMiygFBVV95cUxQQ2Y5bVVISEpncmh4R3Vkbm9aWnA0aXBwQlFkS0Y1Z3l3THdiMnRXcnZ3Z0xQaUY3WlhUMTdCTW1UbGU0ejNfaFV0TDFHNGNoYnJaUmJSVk03eW9IMXlIRVNLYUZKOVJUSzZjaVdmSE1UbnVLX3VBZHUwMFRReDdkMDlhNTl2RG5PLTc2Z0FIZ19CZGtoYWNqaHRqWEF1OG5mUktHVjRVdTVja0VQQjVnSWlDVVZ3c2t4YWIwWi1BNk1PRU1HVVM2aERR?oc=5"" target=""_blank"">Summer 2025 violence: Tracking shootings across Chicago | Live updates</a>&nbsp;&nbsp;<font color=""#6f6f6f"">ABC7 Chicago</font>",rss_1757826250989_dgpod6ves
League Demands Congress Pass Comprehensive Gun Reform - League of Women Voters,https://news.google.com/rss/articles/CBMifkFVX3lxTE12UkQxYno1YUVqSUo1b3NMX0NwN0lyVVg4b1JaSF82TUZXdWRCdlJlX1Fia3JTMGppVUFBa1FxTUM3MGllamJGQkRfYnI2QW03eE8yb003cU5uOWs0Z0hyOU5uWTJGVmNxQlUycGVWdUVlUEtWTkluSHBTZlBWZw?oc=5,"Fri, 12 Sep 2025 12:00:00 GMT","<a href=""https://news.google.com/rss/articles/CBMifkFVX3lxTE12UkQxYno1YUVqSUo1b3NMX0NwN0lyVVg4b1JaSF82TUZXdWRCdlJlX1Fia3JTMGppVUFBa1FxTUM3MGllamJGQkRfYnI2QW03eE8yb003cU5uOWs0Z0hyOU5uWTJGVmNxQlUycGVWdUVlUEtWTkluSHBTZlBWZw?oc=5"" target=""_blank"">League Demands Congress Pass Comprehensive Gun Reform</a>&nbsp;&nbsp;<font color=""#6f6f6f"">League of Women Voters</font>",RSS Feed,"<a href=""https://news.google.com/rss/articles/CBMifkFVX3lxTE12UkQxYno1YUVqSUo1b3NMX0NwN0lyVVg4b1JaSF82TUZXdWRCdlJlX1Fia3JTMGppVUFBa1FxTUM3MGllamJGQkRfYnI2QW03eE8yb003cU5uOWs0Z0hyOU5uWTJGVmNxQlUycGVWdUVlUEtWTkluSHBTZlBWZw?oc=5"" target=""_blank"">League Demands Congress Pass Comprehensive Gun Reform</a>&nbsp;&nbsp;<font color=""#6f6f6f"">League of Women Voters</font>",rss_1757826250989_7o9lptwkh
Gun Violence Impacts All Americans - Time Magazine,https://news.google.com/rss/articles/CBMiYEFVX3lxTE1feDhXTWJHbmNQcmZQTk9JS0Z6NmppWUY1RzZjSVZRT3RNME42LWd0Q1ZtOVVQZ3VKZ3QxQS1waDQ1Q0RJcklJLUtfeFlDVWVjc2ZuNkVSdFZES1hsczlEag?oc=5,"Fri, 12 Sep 2025 18:37:15 GMT","<a href=""https://news.google.com/rss/articles/CBMiYEFVX3lxTE1feDhXTWJHbmNQcmZQTk9JS0Z6NmppWUY1RzZjSVZRT3RNME42LWd0Q1ZtOVVQZ3VKZ3QxQS1waDQ1Q0RJcklJLUtfeFlDVWVjc2ZuNkVSdFZES1hsczlEag?oc=5"" target=""_blank"">Gun Violence Impacts All Americans</a>&nbsp;&nbsp;<font color=""#6f6f6f"">Time Magazine</font>",RSS Feed,"<a href=""https://news.google.com/rss/articles/CBMiYEFVX3lxTE1feDhXTWJHbmNQcmZQTk9JS0Z6NmppWUY1RzZjSVZRT3RNME42LWd0Q1ZtOVVQZ3VKZ3QxQS1waDQ1Q0RJcklJLUtfeFlDVWVjc2ZuNkVSdFZES1hsczlEag?oc=5"" target=""_blank"">Gun Violence Impacts All Americans</a>&nbsp;&nbsp;<font color=""#6f6f6f"">Time Magazine</font>",rss_1757826250989_7a244o5gq
Family of Jacob Diehl call for an end to gun violence following his death - WXII,https://news.google.com/rss/articles/CBMikwFBVV95cUxNd3RTUWI1dURHNExEZUZ1NnVlZjFDckw1VXZWZ0tnY2ZENktCcmNEVU1OTWlGd21yOUhvMExKZW12WGJ6QXh4dkdBOEpEdVhFaDdTLWxCRUFkT2ZLVWlIREZoRUhnTjNYMVNoMmluX3NhQV9aRXVkajN1aV9YM0RqRzVKZUV1eWdDNEt3M2JXVXJobEU?oc=5,"Sun, 14 Sep 2025 03:41:00 GMT","<a href=""https://news.google.com/rss/articles/CBMikwFBVV95cUxNd3RTUWI1dURHNExEZUZ1NnVlZjFDckw1VXZWZ0tnY2ZENktCcmNEVU1OTWlGd21yOUhvMExKZW12WGJ6QXh4dkdBOEpEdVhFaDdTLWxCRUFkT2ZLVWlIREZoRUhnTjNYMVNoMmluX3NhQV9aRXVkajN1aV9YM0RqRzVKZUV1eWdDNEt3M2JXVXJobEU?oc=5"" target=""_blank"">Family of Jacob Diehl call for an end to gun violence following his death</a>&nbsp;&nbsp;<font color=""#6f6f6f"">WXII</font>",RSS Feed,"<a href=""https://news.google.com/rss/articles/CBMikwFBVV95cUxNd3RTUWI1dURHNExEZUZ1NnVlZjFDckw1VXZWZ0tnY2ZENktCcmNEVU1OTWlGd21yOUhvMExKZW12WGJ6QXh4dkdBOEpEdVhFaDdTLWxCRUFkT2ZLVWlIREZoRUhnTjNYMVNoMmluX3NhQV9aRXVkajN1aV9YM0RqRzVKZUV1eWdDNEt3M2JXVXJobEU?oc=5"" target=""_blank"">Family of Jacob Diehl call for an end to gun violence following his death</a>&nbsp;&nbsp;<font color=""#6f6f6f"">WXII</font>",rss_1757826250989_em7unxu6g
‘Totally heartbreaking’: Billings community speaks up after past week of gun violence - KTVQ,https://news.google.com/rss/articles/CBMiuwFBVV95cUxNUjhvM2RDcUxwQUc5MU53MmZtRTdKUGxIVmUwQkc5ZlUtbDlFT0lMczd1eDF1UV9LNHpOdmExZHVWZHg5UVhCYUNXcUJYWV9UY0c0VnhfQjcxNGlvTUpGbm5VVHZTdExMZnM1UkFOOE9MN1hDdkw4emdySDZsbURiMDZlZ0tpSVIxOWV3aWdMQ0NOY2FCc0NGVWlheXRnYXZ2NFE3cS1XaFFqT0p5dkZTYUtoYU52N2RWVU9B?oc=5,"Sat, 13 Sep 2025 23:50:38 GMT","<a href=""https://news.google.com/rss/articles/CBMiuwFBVV95cUxNUjhvM2RDcUxwQUc5MU53MmZtRTdKUGxIVmUwQkc5ZlUtbDlFT0lMczd1eDF1UV9LNHpOdmExZHVWZHg5UVhCYUNXcUJYWV9UY0c0VnhfQjcxNGlvTUpGbm5VVHZTdExMZnM1UkFOOE9MN1hDdkw4emdySDZsbURiMDZlZ0tpSVIxOWV3aWdMQ0NOY2FCc0NGVWlheXRnYXZ2NFE3cS1XaFFqT0p5dkZTYUtoYU52N2RWVU9B?oc=5"" target=""_blank"">‘Totally heartbreaking’: Billings community speaks up after past week of gun violence</a>&nbsp;&nbsp;<font color=""#6f6f6f"">KTVQ</font>",RSS Feed,"<a href=""https://news.google.com/rss/articles/CBMiuwFBVV95cUxNUjhvM2RDcUxwQUc5MU53MmZtRTdKUGxIVmUwQkc5ZlUtbDlFT0lMczd1eDF1UV9LNHpOdmExZHVWZHg5UVhCYUNXcUJYWV9UY0c0VnhfQjcxNGlvTUpGbm5VVHZTdExMZnM1UkFOOE9MN1hDdkw4emdySDZsbURiMDZlZ0tpSVIxOWV3aWdMQ0NOY2FCc0NGVWlheXRnYXZ2NFE3cS1XaFFqT0p5dkZTYUtoYU52N2RWVU9B?oc=5"" target=""_blank"">‘Totally heartbreaking’: Billings community speaks up after past week of gun violence</a>&nbsp;&nbsp;<font color=""#6f6f6f"">KTVQ</font>",rss_1757826250989_s83n6pfju
Every life should matter: Our reaction to gun violence says otherwise - University of Findlay The Pulse,https://news.google.com/rss/articles/CBMibkFVX3lxTFBtTno2MmV6NUtGS1VUc2tXVnd2ZkZzM3k3bml5bFAxZFRjcjVYWjJrTVY2Rk1tSkFIdkZOUGNQRkNoNC11NFBqN1BSUllDYmFRMjFVTjJkSDVYaUsyV2RBc3ZJZVNMbXRqNFZHRk1n?oc=5,"Thu, 11 Sep 2025 01:00:22 GMT","<a href=""https://news.google.com/rss/articles/CBMibkFVX3lxTFBtTno2MmV6NUtGS1VUc2tXVnd2ZkZzM3k3bml5bFAxZFRjcjVYWjJrTVY2Rk1tSkFIdkZOUGNQRkNoNC11NFBqN1BSUllDYmFRMjFVTjJkSDVYaUsyV2RBc3ZJZVNMbXRqNFZHRk1n?oc=5"" target=""_blank"">Every life should matter: Our reaction to gun violence says otherwise</a>&nbsp;&nbsp;<font color=""#6f6f6f"">University of Findlay The Pulse</font>",RSS Feed,"<a href=""https://news.google.com/rss/articles/CBMibkFVX3lxTFBtTno2MmV6NUtGS1VUc2tXVnd2ZkZzM3k3bml5bFAxZFRjcjVYWjJrTVY2Rk1tSkFIdkZOUGNQRkNoNC11NFBqN1BSUllDYmFRMjFVTjJkSDVYaUsyV2RBc3ZJZVNMbXRqNFZHRk1n?oc=5"" target=""_blank"">Every life should matter: Our reaction to gun violence says otherwise</a>&nbsp;&nbsp;<font color=""#6f6f6f"">University of Findlay The Pulse</font>",rss_1757826250989_551nlgnh4
1 Year In: PA's Gun Violence Prevention Office Hosts 1st Advisory Group Meeting - Commonwealth of Pennsylvania (.gov),https://news.google.com/rss/articles/CBMisAFBVV95cUxQdXpocWdwZnU3dnpQZXlwSUVsdFJvb3h3SjVhTlpUQlV2QVF2WDNrUURxUzNKdUtjT25XT1k0Y1JSVkZKdW1oaklTMnVHUlV0eEJLa1EwcDFxaE1VQzQ5NTlSa3JBRkl0eUs0Z2x3amY3azQ3TGhIbjA4Q3dtd1lJVndDQVgtUmZ3X1QycF9DNzBUOGhWREFmeWtSV3B0VUI5VW1LY2dweEJLY1YzWWZVQw?oc=5,"Tue, 09 Sep 2025 21:45:41 GMT","<a href=""https://news.google.com/rss/articles/CBMisAFBVV95cUxQdXpocWdwZnU3dnpQZXlwSUVsdFJvb3h3SjVhTlpUQlV2QVF2WDNrUURxUzNKdUtjT25XT1k0Y1JSVkZKdW1oaklTMnVHUlV0eEJLa1EwcDFxaE1VQzQ5NTlSa3JBRkl0eUs0Z2x3amY3azQ3TGhIbjA4Q3dtd1lJVndDQVgtUmZ3X1QycF9DNzBUOGhWREFmeWtSV3B0VUI5VW1LY2dweEJLY1YzWWZVQw?oc=5"" target=""_blank"">1 Year In: PA's Gun Violence Prevention Office Hosts 1st Advisory Group Meeting</a>&nbsp;&nbsp;<font color=""#6f6f6f"">Commonwealth of Pennsylvania (.gov)</font>",RSS Feed,"<a href=""https://news.google.com/rss/articles/CBMisAFBVV95cUxQdXpocWdwZnU3dnpQZXlwSUVsdFJvb3h3SjVhTlpUQlV2QVF2WDNrUURxUzNKdUtjT25XT1k0Y1JSVkZKdW1oaklTMnVHUlV0eEJLa1EwcDFxaE1VQzQ5NTlSa3JBRkl0eUs0Z2x3amY3azQ3TGhIbjA4Q3dtd1lJVndDQVgtUmZ3X1QycF9DNzBUOGhWREFmeWtSV3B0VUI5VW1LY2dweEJLY1YzWWZVQw?oc=5"" target=""_blank"">1 Year In: PA's Gun Violence Prevention Office Hosts 1st Advisory Group Meeting</a>&nbsp;&nbsp;<font color=""#6f6f6f"">Commonwealth of Pennsylvania (.gov)</font>",rss_1757826250989_mbs273gr3
Rep. David Gottfried - Legislative Update - How Has Gun Violence Impacted You? - MN House of Representatives (.gov),https://news.google.com/rss/articles/CBMiaEFVX3lxTE15c195MnpUSTZaMHRic2tDYmlRUGpQTXM4bjlyZ0ZxV2wtSDlyaWVzY012eVJaal92a0pfaUhZMEhPSE81ODBKN2dLU2YtWHJKTC15UEIwOGJobVU1c1RoX3Vra0NCd1kt?oc=5,"Thu, 11 Sep 2025 20:42:54 GMT","<a href=""https://news.google.com/rss/articles/CBMiaEFVX3lxTE15c195MnpUSTZaMHRic2tDYmlRUGpQTXM4bjlyZ0ZxV2wtSDlyaWVzY012eVJaal92a0pfaUhZMEhPSE81ODBKN2dLU2YtWHJKTC15UEIwOGJobVU1c1RoX3Vra0NCd1kt?oc=5"" target=""_blank"">Rep. David Gottfried - Legislative Update - How Has Gun Violence Impacted You?</a>&nbsp;&nbsp;<font color=""#6f6f6f"">MN House of Representatives (.gov)</font>",RSS Feed,"<a href=""https://news.google.com/rss/articles/CBMiaEFVX3lxTE15c195MnpUSTZaMHRic2tDYmlRUGpQTXM4bjlyZ0ZxV2wtSDlyaWVzY012eVJaal92a0pfaUhZMEhPSE81ODBKN2dLU2YtWHJKTC15UEIwOGJobVU1c1RoX3Vra0NCd1kt?oc=5"" target=""_blank"">Rep. David Gottfried - Legislative Update - How Has Gun Violence Impacted You?</a>&nbsp;&nbsp;<font color=""#6f6f6f"">MN House of Representatives (.gov)</font>",rss_1757826250989_4ru53mzr6
"Oregon coach Dan Lanning addresses Charlie Kirk, gun violence following win at Northwestern - OregonLive.com",https://news.google.com/rss/articles/CBMi1gFBVV95cUxOZDJ1NDV2NFVkdzRrTnlyVlJEa3VBVFVxeTQtby11SHV4RklLWjl0SXFsWGdLNDEzcGtqemJTMmlvTG1pcmRHVllzQnlFeWNxYjhNZlUwV1BYRGxoM05OclllTkR3bEw3bUszWUN2V05oamExZTJmckdtZHVXaFEzLXdWVzVTd2JpTUN2NXZyRmljTlJTYUFFdGZRVEYzcnA3NHdkZFlqQWtUNnkwQzEtX1lvb2t2aDVBZmVFc1B5MkVtR0RnQ1phM2pEczRxeWZFUTkwVVJB0gHqAUFVX3lxTE42MWlXWDUwTlA3a1pYYkJHejJ3NkNKMmozMlZGREp1QmxsQlNxY3NhVXloNHFDWWx3dDMxOThfdlgwWGZQdC1Cd2dvU0xJc3BUZWVIYjlnNGNmZXEyemhMQU1DZm5aYnFYZ0Y2VWw5SnhzcnlVS0JFekxCQUNHQ1pUQmh0UUJDdTFpbW9zcTdFSjNsNVdmNHlaaTdNRlNFNkgzMXBrd3lrYXN2UXJXODk0N3hOWEFhS3lDRGZiT2VKc1B2SUZWbnVmdm1qZEV6bGlpMElWN0NWcG4tXzV6eV9jdTExMXk3TXFzQQ?oc=5,"Sat, 13 Sep 2025 21:26:00 GMT","<a href=""https://news.google.com/rss/articles/CBMi1gFBVV95cUxOZDJ1NDV2NFVkdzRrTnlyVlJEa3VBVFVxeTQtby11SHV4RklLWjl0SXFsWGdLNDEzcGtqemJTMmlvTG1pcmRHVllzQnlFeWNxYjhNZlUwV1BYRGxoM05OclllTkR3bEw3bUszWUN2V05oamExZTJmckdtZHVXaFEzLXdWVzVTd2JpTUN2NXZyRmljTlJTYUFFdGZRVEYzcnA3NHdkZFlqQWtUNnkwQzEtX1lvb2t2aDVBZmVFc1B5MkVtR0RnQ1phM2pEczRxeWZFUTkwVVJB0gHqAUFVX3lxTE42MWlXWDUwTlA3a1pYYkJHejJ3NkNKMmozMlZGREp1QmxsQlNxY3NhVXloNHFDWWx3dDMxOThfdlgwWGZQdC1Cd2dvU0xJc3BUZWVIYjlnNGNmZXEyemhMQU1DZm5aYnFYZ0Y2VWw5SnhzcnlVS0JFekxCQUNHQ1pUQmh0UUJDdTFpbW9zcTdFSjNsNVdmNHlaaTdNRlNFNkgzMXBrd3lrYXN2UXJXODk0N3hOWEFhS3lDRGZiT2VKc1B2SUZWbnVmdm1qZEV6bGlpMElWN0NWcG4tXzV6eV9jdTExMXk3TXFzQQ?oc=5"" target=""_blank"">Oregon coach Dan Lanning addresses Charlie Kirk, gun violence following win at Northwestern</a>&nbsp;&nbsp;<font color=""#6f6f6f"">OregonLive.com</font>",RSS Feed,"<a href=""https://news.google.com/rss/articles/CBMi1gFBVV95cUxOZDJ1NDV2NFVkdzRrTnlyVlJEa3VBVFVxeTQtby11SHV4RklLWjl0SXFsWGdLNDEzcGtqemJTMmlvTG1pcmRHVllzQnlFeWNxYjhNZlUwV1BYRGxoM05OclllTkR3bEw3bUszWUN2V05oamExZTJmckdtZHVXaFEzLXdWVzVTd2JpTUN2NXZyRmljTlJTYUFFdGZRVEYzcnA3NHdkZFlqQWtUNnkwQzEtX1lvb2t2aDVBZmVFc1B5MkVtR0RnQ1phM2pEczRxeWZFUTkwVVJB0gHqAUFVX3lxTE42MWlXWDUwTlA3a1pYYkJHejJ3NkNKMmozMlZGREp1QmxsQlNxY3NhVXloNHFDWWx3dDMxOThfdlgwWGZQdC1Cd2dvU0xJc3BUZWVIYjlnNGNmZXEyemhMQU1DZm5aYnFYZ0Y2VWw5SnhzcnlVS0JFekxCQUNHQ1pUQmh0UUJDdTFpbW9zcTdFSjNsNVdmNHlaaTdNRlNFNkgzMXBrd3lrYXN2UXJXODk0N3hOWEFhS3lDRGZiT2VKc1B2SUZWbnVmdm1qZEV6bGlpMElWN0NWcG4tXzV6eV9jdTExMXk3TXFzQQ?oc=5"" target=""_blank"">Oregon coach Dan Lanning addresses Charlie Kirk, gun violence following win at Northwestern</a>&nbsp;&nbsp;<font color=""#6f6f6f"">OregonLive.com</font>",rss_1757826250989_8b4i55713
"The state of Utah, where Charlie Kirk was fatally shot, has strong pro-gun laws - PBS",https://news.google.com/rss/articles/CBMitgFBVV95cUxNRndfMDRiR1ZJYTRseTlCMGRIVC1SY0NuWEtmM1JZTG1icTdGeVlDNGJEZVlIMnpScVJyaHlnS1djeS01d2FnQmJYbTI0a0RlMGcyTmJLeTNVQXlWd2NybVZlaGFOSGdYSWliZTVNN19ic3VGQnMtcEQ0aGVYNV9jaVhVS1RJNjY3SHgyT050N3hidXFvcUNVY2VGZWJ4bU5MLU5BUGpabkVGOGl0blZjRTBLc2tPd9IBuwFBVV95cUxNSk1obWNsemNibVBfOE42MUdZSVBfRktKZ0dDQVJFcE9pNGdpTm1mbXdrYVBUenViaUcwZWk4VHYxSXNIZXV2YTE2N3RWZE05RG43TDdfR1hCdVdUdThHZUFMMEhpUHVDUjV6aDlZZTZRQjNxbFJjWlFZR1lzVGZSS0ZtOUNYd2F3OGpIM3RhWmRkQUI2UFRXbWtuR2RSZUNoY0hRcThUdlFMYnRFT3pLMTdDdWdJUVBhVHhv?oc=5,"Thu, 11 Sep 2025 21:18:09 GMT","<a href=""https://news.google.com/rss/articles/CBMitgFBVV95cUxNRndfMDRiR1ZJYTRseTlCMGRIVC1SY0NuWEtmM1JZTG1icTdGeVlDNGJEZVlIMnpScVJyaHlnS1djeS01d2FnQmJYbTI0a0RlMGcyTmJLeTNVQXlWd2NybVZlaGFOSGdYSWliZTVNN19ic3VGQnMtcEQ0aGVYNV9jaVhVS1RJNjY3SHgyT050N3hidXFvcUNVY2VGZWJ4bU5MLU5BUGpabkVGOGl0blZjRTBLc2tPd9IBuwFBVV95cUxNSk1obWNsemNibVBfOE42MUdZSVBfRktKZ0dDQVJFcE9pNGdpTm1mbXdrYVBUenViaUcwZWk4VHYxSXNIZXV2YTE2N3RWZE05RG43TDdfR1hCdVdUdThHZUFMMEhpUHVDUjV6aDlZZTZRQjNxbFJjWlFZR1lzVGZSS0ZtOUNYd2F3OGpIM3RhWmRkQUI2UFRXbWtuR2RSZUNoY0hRcThUdlFMYnRFT3pLMTdDdWdJUVBhVHhv?oc=5"" target=""_blank"">The state of Utah, where Charlie Kirk was fatally shot, has strong pro-gun laws</a>&nbsp;&nbsp;<font color=""#6f6f6f"">PBS</font>",RSS Feed,"<a href=""https://news.google.com/rss/articles/CBMitgFBVV95cUxNRndfMDRiR1ZJYTRseTlCMGRIVC1SY0NuWEtmM1JZTG1icTdGeVlDNGJEZVlIMnpScVJyaHlnS1djeS01d2FnQmJYbTI0a0RlMGcyTmJLeTNVQXlWd2NybVZlaGFOSGdYSWliZTVNN19ic3VGQnMtcEQ0aGVYNV9jaVhVS1RJNjY3SHgyT050N3hidXFvcUNVY2VGZWJ4bU5MLU5BUGpabkVGOGl0blZjRTBLc2tPd9IBuwFBVV95cUxNSk1obWNsemNibVBfOE42MUdZSVBfRktKZ0dDQVJFcE9pNGdpTm1mbXdrYVBUenViaUcwZWk4VHYxSXNIZXV2YTE2N3RWZE05RG43TDdfR1hCdVdUdThHZUFMMEhpUHVDUjV6aDlZZTZRQjNxbFJjWlFZR1lzVGZSS0ZtOUNYd2F3OGpIM3RhWmRkQUI2UFRXbWtuR2RSZUNoY0hRcThUdlFMYnRFT3pLMTdDdWdJUVBhVHhv?oc=5"" target=""_blank"">The state of Utah, where Charlie Kirk was fatally shot, has strong pro-gun laws</a>&nbsp;&nbsp;<font color=""#6f6f6f"">PBS</font>",rss_1757826250989_nlln17wt3
"How recent political violence in the U.S. fits into ‘a long, dark history’ - PBS",https://news.google.com/rss/articles/CBMirAFBVV95cUxPdzhRMnA2M1AtczVHS0dzNzZQRWdDWlBqMjhQYjluR1dxUWQ3MGZsc2wtZnJXRFFHVmRQaE16eVlTNmRGcE5CUTlKQjhKNTcyNGotZ1dDVDBvcHNjWjl2bEJfT1JieXZUNlo2MHNuZnhRemJuLU1SUGJIYlJ5NllYYUN6QVdyMk80cmVCV3ZHOHN5WXY3U2pwaVZvZWtneEdsNE9yQnppN3BmcDJs0gGyAUFVX3lxTFBfdnlvOHFVTkVzcmdVUDhkSk9VMXVGWEpBR2FmSFJFS2VXQ1VMR1JmZ21JV2RaRmNkT3RmWlNsRmNGMVY5dnpTdWF3OXBlT1RqakdjN2hwZW5EWHJYV2JidHNUdHJYVVVUcXhiOVdaNHRydVUxTEY0TzRNNEV5cDAyM3BVSE9hVERvMjkyWGVDSnh4Vzdnd3FVQUdNZ25mRUk2R3kyb28xaHhxWURwdGZaM2c?oc=5,"Fri, 12 Sep 2025 17:55:13 GMT","<a href=""https://news.google.com/rss/articles/CBMirAFBVV95cUxPdzhRMnA2M1AtczVHS0dzNzZQRWdDWlBqMjhQYjluR1dxUWQ3MGZsc2wtZnJXRFFHVmRQaE16eVlTNmRGcE5CUTlKQjhKNTcyNGotZ1dDVDBvcHNjWjl2bEJfT1JieXZUNlo2MHNuZnhRemJuLU1SUGJIYlJ5NllYYUN6QVdyMk80cmVCV3ZHOHN5WXY3U2pwaVZvZWtneEdsNE9yQnppN3BmcDJs0gGyAUFVX3lxTFBfdnlvOHFVTkVzcmdVUDhkSk9VMXVGWEpBR2FmSFJFS2VXQ1VMR1JmZ21JV2RaRmNkT3RmWlNsRmNGMVY5dnpTdWF3OXBlT1RqakdjN2hwZW5EWHJYV2JidHNUdHJYVVVUcXhiOVdaNHRydVUxTEY0TzRNNEV5cDAyM3BVSE9hVERvMjkyWGVDSnh4Vzdnd3FVQUdNZ25mRUk2R3kyb28xaHhxWURwdGZaM2c?oc=5"" target=""_blank"">How recent political violence in the U.S. fits into ‘a long, dark history’</a>&nbsp;&nbsp;<font color=""#6f6f6f"">PBS</font>",RSS Feed,"<a href=""https://news.google.com/rss/articles/CBMirAFBVV95cUxPdzhRMnA2M1AtczVHS0dzNzZQRWdDWlBqMjhQYjluR1dxUWQ3MGZsc2wtZnJXRFFHVmRQaE16eVlTNmRGcE5CUTlKQjhKNTcyNGotZ1dDVDBvcHNjWjl2bEJfT1JieXZUNlo2MHNuZnhRemJuLU1SUGJIYlJ5NllYYUN6QVdyMk80cmVCV3ZHOHN5WXY3U2pwaVZvZWtneEdsNE9yQnppN3BmcDJs0gGyAUFVX3lxTFBfdnlvOHFVTkVzcmdVUDhkSk9VMXVGWEpBR2FmSFJFS2VXQ1VMR1JmZ21JV2RaRmNkT3RmWlNsRmNGMVY5dnpTdWF3OXBlT1RqakdjN2hwZW5EWHJYV2JidHNUdHJYVVVUcXhiOVdaNHRydVUxTEY0TzRNNEV5cDAyM3BVSE9hVERvMjkyWGVDSnh4Vzdnd3FVQUdNZ25mRUk2R3kyb28xaHhxWURwdGZaM2c?oc=5"" target=""_blank"">How recent political violence in the U.S. fits into ‘a long, dark history’</a>&nbsp;&nbsp;<font color=""#6f6f6f"">PBS</font>",rss_1757826250989_q9zj07bwi
How politicians who have experienced violence directly are responding to Charlie Kirk’s death - PBS,https://news.google.com/rss/articles/CBMiygFBVV95cUxNRTJXbG9vbVp3ZldIa1d2SVBkcXJiLTR1emZHR25oUEwxMzBhMVdGelVqaVZmSFdKMlpOWk15VENoMG1SajJQckk4TDF0MFhoYWh5SC1mYkJ5dTExSjF0R1RqTTZpVmlwTWptNmt0eF9QUjBDOEJ3NjJGWVZYOVYyX0swc0luQktNY2FlZmtQWXFfTVBZU1dQVHM5Q2FhdkdpTXN3UEIySktzbWVjbUdYRmZiZ2p4RlRseE9OUXpOZnBnUXFJWmkzaWNB0gHPAUFVX3lxTFBpbDdRVlAyZzRTNmZ0SG5HaVVyTDEwaHIzUTVwcXBjMFZXTEJUdEVvVkdtMHE1MGlxemVvNkhfTTVDN1p2MFJONU1uS3ZMbFcwNXl3MXdFTUZpd0FtREF3U013OXoyVzFCY3libGo2V3BhSWc2cHdLQnlGdkxtaEpYX01OcHhCc19oN1YzbTd6MDZOcGx1UVNfQW1QMzh0eGdPQTBhSDZIX1dCY2FUb01ic0JSNUNmb1V5dVRsWnpmcFNadEtLaXctU01nR1NFVQ?oc=5,"Thu, 11 Sep 2025 17:47:58 GMT","<a href=""https://news.google.com/rss/articles/CBMiygFBVV95cUxNRTJXbG9vbVp3ZldIa1d2SVBkcXJiLTR1emZHR25oUEwxMzBhMVdGelVqaVZmSFdKMlpOWk15VENoMG1SajJQckk4TDF0MFhoYWh5SC1mYkJ5dTExSjF0R1RqTTZpVmlwTWptNmt0eF9QUjBDOEJ3NjJGWVZYOVYyX0swc0luQktNY2FlZmtQWXFfTVBZU1dQVHM5Q2FhdkdpTXN3UEIySktzbWVjbUdYRmZiZ2p4RlRseE9OUXpOZnBnUXFJWmkzaWNB0gHPAUFVX3lxTFBpbDdRVlAyZzRTNmZ0SG5HaVVyTDEwaHIzUTVwcXBjMFZXTEJUdEVvVkdtMHE1MGlxemVvNkhfTTVDN1p2MFJONU1uS3ZMbFcwNXl3MXdFTUZpd0FtREF3U013OXoyVzFCY3libGo2V3BhSWc2cHdLQnlGdkxtaEpYX01OcHhCc19oN1YzbTd6MDZOcGx1UVNfQW1QMzh0eGdPQTBhSDZIX1dCY2FUb01ic0JSNUNmb1V5dVRsWnpmcFNadEtLaXctU01nR1NFVQ?oc=5"" target=""_blank"">How politicians who have experienced violence directly are responding to Charlie Kirk’s death</a>&nbsp;&nbsp;<font color=""#6f6f6f"">PBS</font>",RSS Feed,"<a href=""https://news.google.com/rss/articles/CBMiygFBVV95cUxNRTJXbG9vbVp3ZldIa1d2SVBkcXJiLTR1emZHR25oUEwxMzBhMVdGelVqaVZmSFdKMlpOWk15VENoMG1SajJQckk4TDF0MFhoYWh5SC1mYkJ5dTExSjF0R1RqTTZpVmlwTWptNmt0eF9QUjBDOEJ3NjJGWVZYOVYyX0swc0luQktNY2FlZmtQWXFfTVBZU1dQVHM5Q2FhdkdpTXN3UEIySktzbWVjbUdYRmZiZ2p4RlRseE9OUXpOZnBnUXFJWmkzaWNB0gHPAUFVX3lxTFBpbDdRVlAyZzRTNmZ0SG5HaVVyTDEwaHIzUTVwcXBjMFZXTEJUdEVvVkdtMHE1MGlxemVvNkhfTTVDN1p2MFJONU1uS3ZMbFcwNXl3MXdFTUZpd0FtREF3U013OXoyVzFCY3libGo2V3BhSWc2cHdLQnlGdkxtaEpYX01OcHhCc19oN1YzbTd6MDZOcGx1UVNfQW1QMzh0eGdPQTBhSDZIX1dCY2FUb01ic0JSNUNmb1V5dVRsWnpmcFNadEtLaXctU01nR1NFVQ?oc=5"" target=""_blank"">How politicians who have experienced violence directly are responding to Charlie Kirk’s death</a>&nbsp;&nbsp;<font color=""#6f6f6f"">PBS</font>",rss_1757826250989_67axnbhn9
How to talk to kids about gun violence in the news - WPR,https://news.google.com/rss/articles/CBMidEFVX3lxTFBSUUlKbWlKckVydjZTb01HY0xSaWZnbzYtOUd6RENNbHRpelRaQ0JuNUlQcnNQSndQN2MzNnZSajJpQXZkem96d2FSSVdkTlRJcXd0cUFZR0szMEx6S1Vpd05Nc1dCWl91RXNOUXE3N1FNNEV6?oc=5,"Fri, 12 Sep 2025 20:18:14 GMT","<a href=""https://news.google.com/rss/articles/CBMidEFVX3lxTFBSUUlKbWlKckVydjZTb01HY0xSaWZnbzYtOUd6RENNbHRpelRaQ0JuNUlQcnNQSndQN2MzNnZSajJpQXZkem96d2FSSVdkTlRJcXd0cUFZR0szMEx6S1Vpd05Nc1dCWl91RXNOUXE3N1FNNEV6?oc=5"" target=""_blank"">How to talk to kids about gun violence in the news</a>&nbsp;&nbsp;<font color=""#6f6f6f"">WPR</font>",RSS Feed,"<a href=""https://news.google.com/rss/articles/CBMidEFVX3lxTFBSUUlKbWlKckVydjZTb01HY0xSaWZnbzYtOUd6RENNbHRpelRaQ0JuNUlQcnNQSndQN2MzNnZSajJpQXZkem96d2FSSVdkTlRJcXd0cUFZR0szMEx6S1Vpd05Nc1dCWl91RXNOUXE3N1FNNEV6?oc=5"" target=""_blank"">How to talk to kids about gun violence in the news</a>&nbsp;&nbsp;<font color=""#6f6f6f"">WPR</font>",rss_1757826250989_clnlolk65
"Office of Gun Violence Prevention event discusses research, strategic planning - Times Leader",https://news.google.com/rss/articles/CBMiugFBVV95cUxNSUFNdnRuazJESlFRbUFpQnVMOVBRendoQ1BLbjdVcWUyZXJPMW1aWEllNjBJdXk4T0FMYTRlMk9oNG42VDJORkRLNkxoQ1pMTXBHcVhvRnNYaGtYUjdCempHaFNVZGlGUUlMaHhEZHNJZUQzTW9xNFBSNzhfRzh5S3FvbldScUNjdWkxc3VhejZIeVM0aEdDeUJMSDE5M1k4b29zLU96Ym93c2RqT1JNYXJaMFZpcGJKb0E?oc=5,"Sat, 13 Sep 2025 21:00:00 GMT","<a href=""https://news.google.com/rss/articles/CBMiugFBVV95cUxNSUFNdnRuazJESlFRbUFpQnVMOVBRendoQ1BLbjdVcWUyZXJPMW1aWEllNjBJdXk4T0FMYTRlMk9oNG42VDJORkRLNkxoQ1pMTXBHcVhvRnNYaGtYUjdCempHaFNVZGlGUUlMaHhEZHNJZUQzTW9xNFBSNzhfRzh5S3FvbldScUNjdWkxc3VhejZIeVM0aEdDeUJMSDE5M1k4b29zLU96Ym93c2RqT1JNYXJaMFZpcGJKb0E?oc=5"" target=""_blank"">Office of Gun Violence Prevention event discusses research, strategic planning</a>&nbsp;&nbsp;<font color=""#6f6f6f"">Times Leader</font>",RSS Feed,"<a href=""https://news.google.com/rss/articles/CBMiugFBVV95cUxNSUFNdnRuazJESlFRbUFpQnVMOVBRendoQ1BLbjdVcWUyZXJPMW1aWEllNjBJdXk4T0FMYTRlMk9oNG42VDJORkRLNkxoQ1pMTXBHcVhvRnNYaGtYUjdCempHaFNVZGlGUUlMaHhEZHNJZUQzTW9xNFBSNzhfRzh5S3FvbldScUNjdWkxc3VhejZIeVM0aEdDeUJMSDE5M1k4b29zLU96Ym93c2RqT1JNYXJaMFZpcGJKb0E?oc=5"" target=""_blank"">Office of Gun Violence Prevention event discusses research, strategic planning</a>&nbsp;&nbsp;<font color=""#6f6f6f"">Times Leader</font>",rss_1757826250989_ote3umsal
Oregon coach Dan Lanning offers powerful message on gun violence after Northwestern win - 247Sports,https://news.google.com/rss/articles/CBMi2wFBVV95cUxQTlVlSGV4ZU5jOWFXTG11ZGV3djZ4WnRtQVpNd2RkOHlvbXVXZ0pPbm9uUjRXTERhTWl6X2JQalcydXpzLTdwUk5aZmlRdi16enJINjJFZUJ2S1dxRnpWMkFSMERkODB6Q1lzeG9kY2VpZFpqVHB1b09vNGh6eGNBX1IyWHZsUGN5WWFvRTUxZDBWMEtmZDB2YzJtZjJ4YUx3cDJuenNOZ2N3cDQtMHU0cVpMWEQxdzZCUTI4cEM1dTByZzRONlNLTkRHSzZmZksxTUhLc1I2ci1aSzA?oc=5,"Sat, 13 Sep 2025 22:06:06 GMT","<a href=""https://news.google.com/rss/articles/CBMi2wFBVV95cUxQTlVlSGV4ZU5jOWFXTG11ZGV3djZ4WnRtQVpNd2RkOHlvbXVXZ0pPbm9uUjRXTERhTWl6X2JQalcydXpzLTdwUk5aZmlRdi16enJINjJFZUJ2S1dxRnpWMkFSMERkODB6Q1lzeG9kY2VpZFpqVHB1b09vNGh6eGNBX1IyWHZsUGN5WWFvRTUxZDBWMEtmZDB2YzJtZjJ4YUx3cDJuenNOZ2N3cDQtMHU0cVpMWEQxdzZCUTI4cEM1dTByZzRONlNLTkRHSzZmZksxTUhLc1I2ci1aSzA?oc=5"" target=""_blank"">Oregon coach Dan Lanning offers powerful message on gun violence after Northwestern win</a>&nbsp;&nbsp;<font color=""#6f6f6f"">247Sports</font>",RSS Feed,"<a href=""https://news.google.com/rss/articles/CBMi2wFBVV95cUxQTlVlSGV4ZU5jOWFXTG11ZGV3djZ4WnRtQVpNd2RkOHlvbXVXZ0pPbm9uUjRXTERhTWl6X2JQalcydXpzLTdwUk5aZmlRdi16enJINjJFZUJ2S1dxRnpWMkFSMERkODB6Q1lzeG9kY2VpZFpqVHB1b09vNGh6eGNBX1IyWHZsUGN5WWFvRTUxZDBWMEtmZDB2YzJtZjJ4YUx3cDJuenNOZ2N3cDQtMHU0cVpMWEQxdzZCUTI4cEM1dTByZzRONlNLTkRHSzZmZksxTUhLc1I2ci1aSzA?oc=5"" target=""_blank"">Oregon coach Dan Lanning offers powerful message on gun violence after Northwestern win</a>&nbsp;&nbsp;<font color=""#6f6f6f"">247Sports</font>",rss_1757826250989_xes353bhd
"Dan Lanning speaks about 'evil' in wake of gun violence, Charlie Kirk shooting - Ducks Wire",https://news.google.com/rss/articles/CBMi2AFBVV95cUxOME5MRHZyUnUzbzVRcXVSUzhnYmxqRkxFVThEVnQ0LVl1TmpRQ1pFQ0ZXbHhrQWJvMTlRSEZtR0FxTEFWZWtCeWtFTnhURmNvNFh2ZTZDSE9fdFU1YjZFQzBxTVprOTBnQkZZSmV3akRId25HOWE0eXFBcjFNakhkSjgwVW5IbGxtSGZPX2JaYWZncEpueUNtMGdhNXZGbVB5MjlUbVp6MlN1czZKVnVUUUMwbXItQnNRaXctaUNNbHBBc21kdU9JeGl2Q2xKMERGRFR5LUFjTDE?oc=5,"Sat, 13 Sep 2025 20:42:35 GMT","<a href=""https://news.google.com/rss/articles/CBMi2AFBVV95cUxOME5MRHZyUnUzbzVRcXVSUzhnYmxqRkxFVThEVnQ0LVl1TmpRQ1pFQ0ZXbHhrQWJvMTlRSEZtR0FxTEFWZWtCeWtFTnhURmNvNFh2ZTZDSE9fdFU1YjZFQzBxTVprOTBnQkZZSmV3akRId25HOWE0eXFBcjFNakhkSjgwVW5IbGxtSGZPX2JaYWZncEpueUNtMGdhNXZGbVB5MjlUbVp6MlN1czZKVnVUUUMwbXItQnNRaXctaUNNbHBBc21kdU9JeGl2Q2xKMERGRFR5LUFjTDE?oc=5"" target=""_blank"">Dan Lanning speaks about 'evil' in wake of gun violence, Charlie Kirk shooting</a>&nbsp;&nbsp;<font color=""#6f6f6f"">Ducks Wire</font>",RSS Feed,"<a href=""https://news.google.com/rss/articles/CBMi2AFBVV95cUxOME5MRHZyUnUzbzVRcXVSUzhnYmxqRkxFVThEVnQ0LVl1TmpRQ1pFQ0ZXbHhrQWJvMTlRSEZtR0FxTEFWZWtCeWtFTnhURmNvNFh2ZTZDSE9fdFU1YjZFQzBxTVprOTBnQkZZSmV3akRId25HOWE0eXFBcjFNakhkSjgwVW5IbGxtSGZPX2JaYWZncEpueUNtMGdhNXZGbVB5MjlUbVp6MlN1czZKVnVUUUMwbXItQnNRaXctaUNNbHBBc21kdU9JeGl2Q2xKMERGRFR5LUFjTDE?oc=5"" target=""_blank"">Dan Lanning speaks about 'evil' in wake of gun violence, Charlie Kirk shooting</a>&nbsp;&nbsp;<font color=""#6f6f6f"">Ducks Wire</font>",rss_1757826250989_1b208yifj
Not every Democrat thinks the party should push gun control after Charlie Kirk shooting - Axios,https://news.google.com/rss/articles/CBMiggFBVV95cUxORXRGQ2o2RWRZS2p6Z3diU3NnWEpqUUxlYV9MZFRydVd6WEhralpYVERRQlRIWGFMR3hRdVBlU3dtOHpYQXZTYWhCNThZVzJ1QzdTaFRuc242RmN3eVE1b002eFpyQlhkdU5mSExObzMxQnVsWVl1ZmI2T1I4b05LSlhR?oc=5,"Fri, 12 Sep 2025 16:52:30 GMT","<a href=""https://news.google.com/rss/articles/CBMiggFBVV95cUxORXRGQ2o2RWRZS2p6Z3diU3NnWEpqUUxlYV9MZFRydVd6WEhralpYVERRQlRIWGFMR3hRdVBlU3dtOHpYQXZTYWhCNThZVzJ1QzdTaFRuc242RmN3eVE1b002eFpyQlhkdU5mSExObzMxQnVsWVl1ZmI2T1I4b05LSlhR?oc=5"" target=""_blank"">Not every Democrat thinks the party should push gun control after Charlie Kirk shooting</a>&nbsp;&nbsp;<font color=""#6f6f6f"">Axios</font>",RSS Feed,"<a href=""https://news.google.com/rss/articles/CBMiggFBVV95cUxORXRGQ2o2RWRZS2p6Z3diU3NnWEpqUUxlYV9MZFRydVd6WEhralpYVERRQlRIWGFMR3hRdVBlU3dtOHpYQXZTYWhCNThZVzJ1QzdTaFRuc242RmN3eVE1b002eFpyQlhkdU5mSExObzMxQnVsWVl1ZmI2T1I4b05LSlhR?oc=5"" target=""_blank"">Not every Democrat thinks the party should push gun control after Charlie Kirk shooting</a>&nbsp;&nbsp;<font color=""#6f6f6f"">Axios</font>",rss_1757826250989_lvuix3652
Fact-checking claims about sniper’s identity in Charlie Kirk shooting - Al Jazeera,https://news.google.com/rss/articles/CBMirgFBVV95cUxPZHNmMnVDYmN3Q05mTXFCSGN4TnNOOVF3V2xGcjhEMUZpNTNLRExCQ1llZWJVbUpDQUVRUmJ1S2JFc0YwOVBHcDlMenZmVDNBOXlEQ3lCMEJoeE1CeGdtaUVBY3pucFRrekhnNmdGRHJWb2FOdGktNjRQZUVMN0ZITlJNVlQ0dVQ4RTZvU0EtMTkwX0UtWkRTd2dJQ0t1eWVVWVJBc1I2dXRzY3pkbVHSAbMBQVVfeXFMUG54bC1wdFl1V0RlLVJLTExlcE5mVFRZZ2gxODJVTGlfNXRXSTAxMmhyLTZ6SDcyTVN0LVVTT0VleFU1YWNXc1RpRlREZkNQX1J4R0RDNlpzaE1aREhoWk5iQVFiRkxVUGxBMnRQbW9BRjdCUTNxRWRfT1Z1RUthN2w4Q0k1MTc3SDdZRkNHaGpyTC12Y0hiMjNrTERERGx6UnppX09RXzhSY1ByeXRNRjVrZkE?oc=5,"Fri, 12 Sep 2025 09:59:14 GMT","<a href=""https://news.google.com/rss/articles/CBMirgFBVV95cUxPZHNmMnVDYmN3Q05mTXFCSGN4TnNOOVF3V2xGcjhEMUZpNTNLRExCQ1llZWJVbUpDQUVRUmJ1S2JFc0YwOVBHcDlMenZmVDNBOXlEQ3lCMEJoeE1CeGdtaUVBY3pucFRrekhnNmdGRHJWb2FOdGktNjRQZUVMN0ZITlJNVlQ0dVQ4RTZvU0EtMTkwX0UtWkRTd2dJQ0t1eWVVWVJBc1I2dXRzY3pkbVHSAbMBQVVfeXFMUG54bC1wdFl1V0RlLVJLTExlcE5mVFRZZ2gxODJVTGlfNXRXSTAxMmhyLTZ6SDcyTVN0LVVTT0VleFU1YWNXc1RpRlREZkNQX1J4R0RDNlpzaE1aREhoWk5iQVFiRkxVUGxBMnRQbW9BRjdCUTNxRWRfT1Z1RUthN2w4Q0k1MTc3SDdZRkNHaGpyTC12Y0hiMjNrTERERGx6UnppX09RXzhSY1ByeXRNRjVrZkE?oc=5"" target=""_blank"">Fact-checking claims about sniper’s identity in Charlie Kirk shooting</a>&nbsp;&nbsp;<font color=""#6f6f6f"">Al Jazeera</font>",RSS Feed,"<a href=""https://news.google.com/rss/articles/CBMirgFBVV95cUxPZHNmMnVDYmN3Q05mTXFCSGN4TnNOOVF3V2xGcjhEMUZpNTNLRExCQ1llZWJVbUpDQUVRUmJ1S2JFc0YwOVBHcDlMenZmVDNBOXlEQ3lCMEJoeE1CeGdtaUVBY3pucFRrekhnNmdGRHJWb2FOdGktNjRQZUVMN0ZITlJNVlQ0dVQ4RTZvU0EtMTkwX0UtWkRTd2dJQ0t1eWVVWVJBc1I2dXRzY3pkbVHSAbMBQVVfeXFMUG54bC1wdFl1V0RlLVJLTExlcE5mVFRZZ2gxODJVTGlfNXRXSTAxMmhyLTZ6SDcyTVN0LVVTT0VleFU1YWNXc1RpRlREZkNQX1J4R0RDNlpzaE1aREhoWk5iQVFiRkxVUGxBMnRQbW9BRjdCUTNxRWRfT1Z1RUthN2w4Q0k1MTc3SDdZRkNHaGpyTC12Y0hiMjNrTERERGx6UnppX09RXzhSY1ByeXRNRjVrZkE?oc=5"" target=""_blank"">Fact-checking claims about sniper’s identity in Charlie Kirk shooting</a>&nbsp;&nbsp;<font color=""#6f6f6f"">Al Jazeera</font>",rss_1757826250989_mc2ujyuxe
Rally this weekend in Oakland over recent spate of gun violence - NBC Bay Area,https://news.google.com/rss/articles/CBMifkFVX3lxTFBmcUtiVmlJUW5mVF9DaWtJYjZrYThjbTc5a0xNZWJJVDBuZlNKVk4xVWZpNGpzZFRuUkwzVzlOR3U0QnV2bXFQVXpndmxGZkhQTTNWbU92Wll1SVItenNJOUtJZ3ExUlRKS1c3bndVN0RBc2l2YzByOHh3WHNUZ9IBhgFBVV95cUxOYmRsYzdPelBwVkZkZjdyM1hJbV9wczV2dk9KRnU4Y1A1UFctX2lyVk15eUpfeXhnRXNQQ3RFbU9vZE5YVV9uYmJDSm16Z3JTbHYxWjNpV1RpTVZTUmxneXdON2liRGRHYm11dHJranhtblhPZHpGQXRleEhvQlowV0owa1dyUQ?oc=5,"Fri, 12 Sep 2025 14:46:51 GMT","<a href=""https://news.google.com/rss/articles/CBMifkFVX3lxTFBmcUtiVmlJUW5mVF9DaWtJYjZrYThjbTc5a0xNZWJJVDBuZlNKVk4xVWZpNGpzZFRuUkwzVzlOR3U0QnV2bXFQVXpndmxGZkhQTTNWbU92Wll1SVItenNJOUtJZ3ExUlRKS1c3bndVN0RBc2l2YzByOHh3WHNUZ9IBhgFBVV95cUxOYmRsYzdPelBwVkZkZjdyM1hJbV9wczV2dk9KRnU4Y1A1UFctX2lyVk15eUpfeXhnRXNQQ3RFbU9vZE5YVV9uYmJDSm16Z3JTbHYxWjNpV1RpTVZTUmxneXdON2liRGRHYm11dHJranhtblhPZHpGQXRleEhvQlowV0owa1dyUQ?oc=5"" target=""_blank"">Rally this weekend in Oakland over recent spate of gun violence</a>&nbsp;&nbsp;<font color=""#6f6f6f"">NBC Bay Area</font>",RSS Feed,"<a href=""https://news.google.com/rss/articles/CBMifkFVX3lxTFBmcUtiVmlJUW5mVF9DaWtJYjZrYThjbTc5a0xNZWJJVDBuZlNKVk4xVWZpNGpzZFRuUkwzVzlOR3U0QnV2bXFQVXpndmxGZkhQTTNWbU92Wll1SVItenNJOUtJZ3ExUlRKS1c3bndVN0RBc2l2YzByOHh3WHNUZ9IBhgFBVV95cUxOYmRsYzdPelBwVkZkZjdyM1hJbV9wczV2dk9KRnU4Y1A1UFctX2lyVk15eUpfeXhnRXNQQ3RFbU9vZE5YVV9uYmJDSm16Z3JTbHYxWjNpV1RpTVZTUmxneXdON2liRGRHYm11dHJranhtblhPZHpGQXRleEhvQlowV0owa1dyUQ?oc=5"" target=""_blank"">Rally this weekend in Oakland over recent spate of gun violence</a>&nbsp;&nbsp;<font color=""#6f6f6f"">NBC Bay Area</font>",rss_1757826250989_qi5mv1n6e
Gun violence prevention efforts and research the Trump admin has targeted so far - Association of Health Care Journalists,https://news.google.com/rss/articles/CBMiwAFBVV95cUxQanpZX0ZyRmdRN0ZJc0pBMTZyaFZfbUt4ZVJxQnBobnJZYnlZRXo0RWxFVko2TE9yaE5MQVNvYUpmeXk2V0NJQkJTSkU1OXk0emIycDljQlVMakZCTTVUNGFuS2ZWRFplSFVKSzhjU0dWclBTVFVMNllQNkg2Q2ZUNFVfUUxiRUZ5LWJUUzM4dkRUNU83SVg1SzU1dzN5Uy1tWHI3R1JNbENuVWFvdmZHYjdkUDdWZmlMVldoY2NFUW4?oc=5,"Wed, 10 Sep 2025 21:46:39 GMT","<a href=""https://news.google.com/rss/articles/CBMiwAFBVV95cUxQanpZX0ZyRmdRN0ZJc0pBMTZyaFZfbUt4ZVJxQnBobnJZYnlZRXo0RWxFVko2TE9yaE5MQVNvYUpmeXk2V0NJQkJTSkU1OXk0emIycDljQlVMakZCTTVUNGFuS2ZWRFplSFVKSzhjU0dWclBTVFVMNllQNkg2Q2ZUNFVfUUxiRUZ5LWJUUzM4dkRUNU83SVg1SzU1dzN5Uy1tWHI3R1JNbENuVWFvdmZHYjdkUDdWZmlMVldoY2NFUW4?oc=5"" target=""_blank"">Gun violence prevention efforts and research the Trump admin has targeted so far</a>&nbsp;&nbsp;<font color=""#6f6f6f"">Association of Health Care Journalists</font>",RSS Feed,"<a href=""https://news.google.com/rss/articles/CBMiwAFBVV95cUxQanpZX0ZyRmdRN0ZJc0pBMTZyaFZfbUt4ZVJxQnBobnJZYnlZRXo0RWxFVko2TE9yaE5MQVNvYUpmeXk2V0NJQkJTSkU1OXk0emIycDljQlVMakZCTTVUNGFuS2ZWRFplSFVKSzhjU0dWclBTVFVMNllQNkg2Q2ZUNFVfUUxiRUZ5LWJUUzM4dkRUNU83SVg1SzU1dzN5Uy1tWHI3R1JNbENuVWFvdmZHYjdkUDdWZmlMVldoY2NFUW4?oc=5"" target=""_blank"">Gun violence prevention efforts and research the Trump admin has targeted so far</a>&nbsp;&nbsp;<font color=""#6f6f6f"">Association of Health Care Journalists</font>",rss_1757826250989_afw7c5o9z
‘Enough is enough’: West Oahu residents call for end to gun violence following teen’s death - Hawaii News Now,https://news.google.com/rss/articles/CBMivwFBVV95cUxQVHJEa1MwcDRkNUU4MXhsS09LZC1lTExiU2ZFSDB5aFFhM0x6aUpfRzFucjlmSHpmYmc4eTBiVFgzOGZNd0VwYmxtc2t3eE5fNFJOdVpTWkMtYVhzUGdRQjU5NTk4aVhMNHZtaXF4RTFNdHFROUpRLUU0TkRfd2J6cEJnTWZ3Y09EaV9zbldpbGtCdmtrbzZpNkgzakZNTktHblNDWklLM1JpMWFldzhQeWR0YXRISFJ0LXh2OFB1QdIB0wFBVV95cUxPMDVUS3hSRjYwaHEwem96RTNXMUtGWTJKRjNJc1RSczhrakV5WVloVnBqMUwtYmFZS21Qd0cxcDBCWUtfOUdqcnlfMkd1MFlZWE1fYlRGVXJWV0daOWZUR1lwN09DY1VvT0NSY0FocUtLWDJJTm1OaGdvWVM3VU9FRVQ0MndFTHBTMXdqU2dLSXFfOGV3SHdGOV9yNmx3NG1IakpweEU0ZzlDb3o3NTZteE5yZkxsa3Y0RFNWazJUeURyckJ3bURtbHpXZ1M5YWV5TkNr?oc=5,"Sat, 13 Sep 2025 05:48:00 GMT","<a href=""https://news.google.com/rss/articles/CBMivwFBVV95cUxQVHJEa1MwcDRkNUU4MXhsS09LZC1lTExiU2ZFSDB5aFFhM0x6aUpfRzFucjlmSHpmYmc4eTBiVFgzOGZNd0VwYmxtc2t3eE5fNFJOdVpTWkMtYVhzUGdRQjU5NTk4aVhMNHZtaXF4RTFNdHFROUpRLUU0TkRfd2J6cEJnTWZ3Y09EaV9zbldpbGtCdmtrbzZpNkgzakZNTktHblNDWklLM1JpMWFldzhQeWR0YXRISFJ0LXh2OFB1QdIB0wFBVV95cUxPMDVUS3hSRjYwaHEwem96RTNXMUtGWTJKRjNJc1RSczhrakV5WVloVnBqMUwtYmFZS21Qd0cxcDBCWUtfOUdqcnlfMkd1MFlZWE1fYlRGVXJWV0daOWZUR1lwN09DY1VvT0NSY0FocUtLWDJJTm1OaGdvWVM3VU9FRVQ0MndFTHBTMXdqU2dLSXFfOGV3SHdGOV9yNmx3NG1IakpweEU0ZzlDb3o3NTZteE5yZkxsa3Y0RFNWazJUeURyckJ3bURtbHpXZ1M5YWV5TkNr?oc=5"" target=""_blank"">‘Enough is enough’: West Oahu residents call for end to gun violence following teen’s death</a>&nbsp;&nbsp;<font color=""#6f6f6f"">Hawaii News Now</font>",RSS Feed,"<a href=""https://news.google.com/rss/articles/CBMivwFBVV95cUxQVHJEa1MwcDRkNUU4MXhsS09LZC1lTExiU2ZFSDB5aFFhM0x6aUpfRzFucjlmSHpmYmc4eTBiVFgzOGZNd0VwYmxtc2t3eE5fNFJOdVpTWkMtYVhzUGdRQjU5NTk4aVhMNHZtaXF4RTFNdHFROUpRLUU0TkRfd2J6cEJnTWZ3Y09EaV9zbldpbGtCdmtrbzZpNkgzakZNTktHblNDWklLM1JpMWFldzhQeWR0YXRISFJ0LXh2OFB1QdIB0wFBVV95cUxPMDVUS3hSRjYwaHEwem96RTNXMUtGWTJKRjNJc1RSczhrakV5WVloVnBqMUwtYmFZS21Qd0cxcDBCWUtfOUdqcnlfMkd1MFlZWE1fYlRGVXJWV0daOWZUR1lwN09DY1VvT0NSY0FocUtLWDJJTm1OaGdvWVM3VU9FRVQ0MndFTHBTMXdqU2dLSXFfOGV3SHdGOV9yNmx3NG1IakpweEU0ZzlDb3o3NTZteE5yZkxsa3Y0RFNWazJUeURyckJ3bURtbHpXZ1M5YWV5TkNr?oc=5"" target=""_blank"">‘Enough is enough’: West Oahu residents call for end to gun violence following teen’s death</a>&nbsp;&nbsp;<font color=""#6f6f6f"">Hawaii News Now</font>",rss_1757826250989_v76bt8n6y
‘This will not end here’: A scholar explains why Charlie Kirk’s killing could embolden political violence - The Conversation,https://news.google.com/rss/articles/CBMi0gFBVV95cUxOVmZPZ3VLM0paWW1QcnJvd1VNdzZWeXcyYmFQRDYxMEdWQTY1Y1dYajlZeXZMejc5ck9LNE9aNWZqRkkyZ0tjRjRXckJHdjczbldUcWl0Y056eHBsUlAyQ1U2RklUMXRrcnd6WmI3RGxaM0xyakVHLVNYSU84ZTQtSlg2WGdGQTNiUkFwekU2RDJ6c3ZfU2pYMXZySkJSSnVlY3hzWlozSXdYWFphM05xemJJeExvNmd0NFM1QkFuNzFnaWJueDI2azR0aTVsd2MwUkE?oc=5,"Thu, 11 Sep 2025 18:58:40 GMT","<a href=""https://news.google.com/rss/articles/CBMi0gFBVV95cUxOVmZPZ3VLM0paWW1QcnJvd1VNdzZWeXcyYmFQRDYxMEdWQTY1Y1dYajlZeXZMejc5ck9LNE9aNWZqRkkyZ0tjRjRXckJHdjczbldUcWl0Y056eHBsUlAyQ1U2RklUMXRrcnd6WmI3RGxaM0xyakVHLVNYSU84ZTQtSlg2WGdGQTNiUkFwekU2RDJ6c3ZfU2pYMXZySkJSSnVlY3hzWlozSXdYWFphM05xemJJeExvNmd0NFM1QkFuNzFnaWJueDI2azR0aTVsd2MwUkE?oc=5"" target=""_blank"">‘This will not end here’: A scholar explains why Charlie Kirk’s killing could embolden political violence</a>&nbsp;&nbsp;<font color=""#6f6f6f"">The Conversation</font>",RSS Feed,"<a href=""https://news.google.com/rss/articles/CBMi0gFBVV95cUxOVmZPZ3VLM0paWW1QcnJvd1VNdzZWeXcyYmFQRDYxMEdWQTY1Y1dYajlZeXZMejc5ck9LNE9aNWZqRkkyZ0tjRjRXckJHdjczbldUcWl0Y056eHBsUlAyQ1U2RklUMXRrcnd6WmI3RGxaM0xyakVHLVNYSU84ZTQtSlg2WGdGQTNiUkFwekU2RDJ6c3ZfU2pYMXZySkJSSnVlY3hzWlozSXdYWFphM05xemJJeExvNmd0NFM1QkFuNzFnaWJueDI2azR0aTVsd2MwUkE?oc=5"" target=""_blank"">‘This will not end here’: A scholar explains why Charlie Kirk’s killing could embolden political violence</a>&nbsp;&nbsp;<font color=""#6f6f6f"">The Conversation</font>",rss_1757826250989_kalucrqk5
Running for Lives in a Nation of Gun Violence - The Santa Barbara Independent,https://news.google.com/rss/articles/CBMijgFBVV95cUxNQjk3amtQYVBXbzlOdWgxeTliUkdBSXI1YnpaMnFNSmZDWTJxYjZZSVVqY05nNnRXLXZEZnN0c0gwRG9BM0k4cXZtZ29TcW5SS1Z1Wkp1M0V6dXl4ZUtOTWNuN1pVaGY1Yk5ZOWJ2dnZhS3NlbFN5Y0FKQzhHSmhBQ3B4Q24xaUpqWFpkaFhB0gGWAUFVX3lxTE80X2RKaE5hUzZUbkhUME1sWjdNU2Y4SS00X1NOcnZjYmU5Nmd2ajl3VzBFVExoUkhFNlFYZ1U0akdnSFpXNXBNR2pTODBwWmdEanZxMDZEaDFRTlhBbzk3dURFMFdaR3ZIVi16WE9NUkNJNjFDYzBubmtiS25uLUZGX2EwaUUtRDdrOEJsNk9oX1QzSjZmQQ?oc=5,"Fri, 12 Sep 2025 17:15:00 GMT","<a href=""https://news.google.com/rss/articles/CBMijgFBVV95cUxNQjk3amtQYVBXbzlOdWgxeTliUkdBSXI1YnpaMnFNSmZDWTJxYjZZSVVqY05nNnRXLXZEZnN0c0gwRG9BM0k4cXZtZ29TcW5SS1Z1Wkp1M0V6dXl4ZUtOTWNuN1pVaGY1Yk5ZOWJ2dnZhS3NlbFN5Y0FKQzhHSmhBQ3B4Q24xaUpqWFpkaFhB0gGWAUFVX3lxTE80X2RKaE5hUzZUbkhUME1sWjdNU2Y4SS00X1NOcnZjYmU5Nmd2ajl3VzBFVExoUkhFNlFYZ1U0akdnSFpXNXBNR2pTODBwWmdEanZxMDZEaDFRTlhBbzk3dURFMFdaR3ZIVi16WE9NUkNJNjFDYzBubmtiS25uLUZGX2EwaUUtRDdrOEJsNk9oX1QzSjZmQQ?oc=5"" target=""_blank"">Running for Lives in a Nation of Gun Violence</a>&nbsp;&nbsp;<font color=""#6f6f6f"">The Santa Barbara Independent</font>",RSS Feed,"<a href=""https://news.google.com/rss/articles/CBMijgFBVV95cUxNQjk3amtQYVBXbzlOdWgxeTliUkdBSXI1YnpaMnFNSmZDWTJxYjZZSVVqY05nNnRXLXZEZnN0c0gwRG9BM0k4cXZtZ29TcW5SS1Z1Wkp1M0V6dXl4ZUtOTWNuN1pVaGY1Yk5ZOWJ2dnZhS3NlbFN5Y0FKQzhHSmhBQ3B4Q24xaUpqWFpkaFhB0gGWAUFVX3lxTE80X2RKaE5hUzZUbkhUME1sWjdNU2Y4SS00X1NOcnZjYmU5Nmd2ajl3VzBFVExoUkhFNlFYZ1U0akdnSFpXNXBNR2pTODBwWmdEanZxMDZEaDFRTlhBbzk3dURFMFdaR3ZIVi16WE9NUkNJNjFDYzBubmtiS25uLUZGX2EwaUUtRDdrOEJsNk9oX1QzSjZmQQ?oc=5"" target=""_blank"">Running for Lives in a Nation of Gun Violence</a>&nbsp;&nbsp;<font color=""#6f6f6f"">The Santa Barbara Independent</font>",rss_1757826250989_i9uq5v5wq
Charlie Kirk on Trump and gun control - Columbia Missourian,https://news.google.com/rss/articles/CBMi4wFBVV95cUxNcEhKWUItN2hFT0IyMEN2dmtsQTl0Y1VldmJ5V0lLV3FHN1BRWUtvRVMxc2JNM0FFN09Hc3NlWUtxNGFLbkRQb3lSWXVIQ3lmclhEN2E5MWhYMEduMHRPUnBNWkVMU2xVWXl4RmZwckNWSF83cFJaektMOTJha2FVNGo3NEltdGdHTkJaWHdPam14aVJ3LXh6TklLT2ZzSWdjS3llT2E3UkNpSjBIWUxOV210clZOWDlxYWU4eC1yNVFtMVRfckNqQlJrRlhZOXpOQlJlbkdPa2lLdkNzZWFrMEUxdw?oc=5,"Fri, 12 Sep 2025 17:30:00 GMT","<a href=""https://news.google.com/rss/articles/CBMi4wFBVV95cUxNcEhKWUItN2hFT0IyMEN2dmtsQTl0Y1VldmJ5V0lLV3FHN1BRWUtvRVMxc2JNM0FFN09Hc3NlWUtxNGFLbkRQb3lSWXVIQ3lmclhEN2E5MWhYMEduMHRPUnBNWkVMU2xVWXl4RmZwckNWSF83cFJaektMOTJha2FVNGo3NEltdGdHTkJaWHdPam14aVJ3LXh6TklLT2ZzSWdjS3llT2E3UkNpSjBIWUxOV210clZOWDlxYWU4eC1yNVFtMVRfckNqQlJrRlhZOXpOQlJlbkdPa2lLdkNzZWFrMEUxdw?oc=5"" target=""_blank"">Charlie Kirk on Trump and gun control</a>&nbsp;&nbsp;<font color=""#6f6f6f"">Columbia Missourian</font>",RSS Feed,"<a href=""https://news.google.com/rss/articles/CBMi4wFBVV95cUxNcEhKWUItN2hFT0IyMEN2dmtsQTl0Y1VldmJ5V0lLV3FHN1BRWUtvRVMxc2JNM0FFN09Hc3NlWUtxNGFLbkRQb3lSWXVIQ3lmclhEN2E5MWhYMEduMHRPUnBNWkVMU2xVWXl4RmZwckNWSF83cFJaektMOTJha2FVNGo3NEltdGdHTkJaWHdPam14aVJ3LXh6TklLT2ZzSWdjS3llT2E3UkNpSjBIWUxOV210clZOWDlxYWU4eC1yNVFtMVRfckNqQlJrRlhZOXpOQlJlbkdPa2lLdkNzZWFrMEUxdw?oc=5"" target=""_blank"">Charlie Kirk on Trump and gun control</a>&nbsp;&nbsp;<font color=""#6f6f6f"">Columbia Missourian</font>",rss_1757826250989_08z1q9pno
Stopping gun violence in Oakland: on the podcast - The Oaklandside,https://news.google.com/rss/articles/CBMiqwFBVV95cUxPZ0p0Wk1ENEpNQ09HNXlacWp0Ymd0S2sxSmYxeDJMaWlabUZJYUtiejFfcmx4QktCbkowU3JFTWEyWmhLNVptVWdYWjh0a2RRZ01hNkU4WGVoYTBFSlBiQzM3SUswUmZrUkI0bkwzZUJxVnVscUp5WUJSTTBhRnY5QkRGOVc2RnR6VGI5cExjeFJIempiZHNYcVV0Qi13OWZwZHRRdmRfalhJcU0?oc=5,"Fri, 12 Sep 2025 15:18:00 GMT","<a href=""https://news.google.com/rss/articles/CBMiqwFBVV95cUxPZ0p0Wk1ENEpNQ09HNXlacWp0Ymd0S2sxSmYxeDJMaWlabUZJYUtiejFfcmx4QktCbkowU3JFTWEyWmhLNVptVWdYWjh0a2RRZ01hNkU4WGVoYTBFSlBiQzM3SUswUmZrUkI0bkwzZUJxVnVscUp5WUJSTTBhRnY5QkRGOVc2RnR6VGI5cExjeFJIempiZHNYcVV0Qi13OWZwZHRRdmRfalhJcU0?oc=5"" target=""_blank"">Stopping gun violence in Oakland: on the podcast</a>&nbsp;&nbsp;<font color=""#6f6f6f"">The Oaklandside</font>",RSS Feed,"<a href=""https://news.google.com/rss/articles/CBMiqwFBVV95cUxPZ0p0Wk1ENEpNQ09HNXlacWp0Ymd0S2sxSmYxeDJMaWlabUZJYUtiejFfcmx4QktCbkowU3JFTWEyWmhLNVptVWdYWjh0a2RRZ01hNkU4WGVoYTBFSlBiQzM3SUswUmZrUkI0bkwzZUJxVnVscUp5WUJSTTBhRnY5QkRGOVc2RnR6VGI5cExjeFJIempiZHNYcVV0Qi13OWZwZHRRdmRfalhJcU0?oc=5"" target=""_blank"">Stopping gun violence in Oakland: on the podcast</a>&nbsp;&nbsp;<font color=""#6f6f6f"">The Oaklandside</font>",rss_1757826250989_gjnnhax9t
Who was Charlie Kirk? What we know about the shooting and the suspect - Al Jazeera,https://news.google.com/rss/articles/CBMirgFBVV95cUxNTDUxbHZ5V2JLQTB0RURDOVlWZkFRMmtUbDl0ZFFGaDJlZGozeUFROHhBNjRvbFRxMHZmaE0zbGJIQmwyZnRlR2RRemNPVGdmOTRjNTQtc0s4M1QxNjlQX3p2RGVzdXB2OE5wczZQMHRPUC1ER0JWNEZXLTVxWjF6XzQ4enViSHRlcjU5Tmk2cG0zYTFyVkxLWWpRbkJDeG1tUVkxRTAzSUZUMFo1RWfSAbMBQVVfeXFMUHZycWNoTlh1THZpOGp4TDdRMWlqMG9JbzlPN1Z6d3ZhQnlTRFZaMi1UMG9pdlByUHBtai1neGpQaHhJWWZGNXRacDU0VnNsdE1PUjhiN19QMjBQakpKQkZsS2hfY1BGOVRDd2R4RzMzN1F1aHBibXN1c3FyN3dnNjg4QlJkNlNWVWY5Mmpocm5ZSlRUV2pnd3NyVEtnTlJnSDlNdDVMbFJRVHBKaGt1TDhudVE?oc=5,"Fri, 12 Sep 2025 00:31:00 GMT","<a href=""https://news.google.com/rss/articles/CBMirgFBVV95cUxNTDUxbHZ5V2JLQTB0RURDOVlWZkFRMmtUbDl0ZFFGaDJlZGozeUFROHhBNjRvbFRxMHZmaE0zbGJIQmwyZnRlR2RRemNPVGdmOTRjNTQtc0s4M1QxNjlQX3p2RGVzdXB2OE5wczZQMHRPUC1ER0JWNEZXLTVxWjF6XzQ4enViSHRlcjU5Tmk2cG0zYTFyVkxLWWpRbkJDeG1tUVkxRTAzSUZUMFo1RWfSAbMBQVVfeXFMUHZycWNoTlh1THZpOGp4TDdRMWlqMG9JbzlPN1Z6d3ZhQnlTRFZaMi1UMG9pdlByUHBtai1neGpQaHhJWWZGNXRacDU0VnNsdE1PUjhiN19QMjBQakpKQkZsS2hfY1BGOVRDd2R4RzMzN1F1aHBibXN1c3FyN3dnNjg4QlJkNlNWVWY5Mmpocm5ZSlRUV2pnd3NyVEtnTlJnSDlNdDVMbFJRVHBKaGt1TDhudVE?oc=5"" target=""_blank"">Who was Charlie Kirk? What we know about the shooting and the suspect</a>&nbsp;&nbsp;<font color=""#6f6f6f"">Al Jazeera</font>",RSS Feed,"<a href=""https://news.google.com/rss/articles/CBMirgFBVV95cUxNTDUxbHZ5V2JLQTB0RURDOVlWZkFRMmtUbDl0ZFFGaDJlZGozeUFROHhBNjRvbFRxMHZmaE0zbGJIQmwyZnRlR2RRemNPVGdmOTRjNTQtc0s4M1QxNjlQX3p2RGVzdXB2OE5wczZQMHRPUC1ER0JWNEZXLTVxWjF6XzQ4enViSHRlcjU5Tmk2cG0zYTFyVkxLWWpRbkJDeG1tUVkxRTAzSUZUMFo1RWfSAbMBQVVfeXFMUHZycWNoTlh1THZpOGp4TDdRMWlqMG9JbzlPN1Z6d3ZhQnlTRFZaMi1UMG9pdlByUHBtai1neGpQaHhJWWZGNXRacDU0VnNsdE1PUjhiN19QMjBQakpKQkZsS2hfY1BGOVRDd2R4RzMzN1F1aHBibXN1c3FyN3dnNjg4QlJkNlNWVWY5Mmpocm5ZSlRUV2pnd3NyVEtnTlJnSDlNdDVMbFJRVHBKaGt1TDhudVE?oc=5"" target=""_blank"">Who was Charlie Kirk? What we know about the shooting and the suspect</a>&nbsp;&nbsp;<font color=""#6f6f6f"">Al Jazeera</font>",rss_1757826250989_vlsn2bf5c
Our Country's Failure on Gun Control Killed Charlie Kirk - U.S. News & World Report,https://news.google.com/rss/articles/CBMilAFBVV95cUxNdzRZTnlhX2xoU1pEM0lUSnI5d0lUNVIxMU5wb0ZhOWdsUEcxc2wyWDc2M3dQYzlwRFNvRGRNMW5yS0JjSjRqMU84ejBTanZ0WWt2RXJkbk1Ea3lhZWlrUXlWOGhPNXgtQXMyZlBFWDd3QXoyWU5COU9XN3JBUlBtbGVlanBOaFVVcFVCSkZMUmN6UFZq?oc=5,"Fri, 12 Sep 2025 21:39:00 GMT","<a href=""https://news.google.com/rss/articles/CBMilAFBVV95cUxNdzRZTnlhX2xoU1pEM0lUSnI5d0lUNVIxMU5wb0ZhOWdsUEcxc2wyWDc2M3dQYzlwRFNvRGRNMW5yS0JjSjRqMU84ejBTanZ0WWt2RXJkbk1Ea3lhZWlrUXlWOGhPNXgtQXMyZlBFWDd3QXoyWU5COU9XN3JBUlBtbGVlanBOaFVVcFVCSkZMUmN6UFZq?oc=5"" target=""_blank"">Our Country's Failure on Gun Control Killed Charlie Kirk</a>&nbsp;&nbsp;<font color=""#6f6f6f"">U.S. News & World Report</font>",RSS Feed,"<a href=""https://news.google.com/rss/articles/CBMilAFBVV95cUxNdzRZTnlhX2xoU1pEM0lUSnI5d0lUNVIxMU5wb0ZhOWdsUEcxc2wyWDc2M3dQYzlwRFNvRGRNMW5yS0JjSjRqMU84ejBTanZ0WWt2RXJkbk1Ea3lhZWlrUXlWOGhPNXgtQXMyZlBFWDd3QXoyWU5COU9XN3JBUlBtbGVlanBOaFVVcFVCSkZMUmN6UFZq?oc=5"" target=""_blank"">Our Country's Failure on Gun Control Killed Charlie Kirk</a>&nbsp;&nbsp;<font color=""#6f6f6f"">U.S. News & World Report</font>",rss_1757826250989_4vv30agab
Doing nothing about gun violence is a choice. It's one we seem to have made | Opinion - Petoskey News-Review,https://news.google.com/rss/articles/CBMi7AFBVV95cUxNdU5TWm10SjRnb0lFZnpPbG84TzV5blFKSngyanVfTlprUkRPN2tscktCd3dNYnV5eHlZYXVPYi1PcmM4NXh6WVJOOEFVLUxCaVZyc0l2R0hPcG5uV2pxUFVOaUt1VkJKbGx4enpUdC1WMzVlRHpvY1ZnbXRkei1yeXg0anVvblZOSDdHYUk5Tk5ScVNtS1FzdEMxaUozeWdSTlFaVjBtUndtM2xIc2I2cEVPcU9RMVpSSmF5aDVueFdyX09qbG4xZnB2ci0tRHVTSExMVFlQOTBVMzFUcTFfV3hRd3llTkk5cGtLag?oc=5,"Sat, 13 Sep 2025 10:52:30 GMT","<a href=""https://news.google.com/rss/articles/CBMi7AFBVV95cUxNdU5TWm10SjRnb0lFZnpPbG84TzV5blFKSngyanVfTlprUkRPN2tscktCd3dNYnV5eHlZYXVPYi1PcmM4NXh6WVJOOEFVLUxCaVZyc0l2R0hPcG5uV2pxUFVOaUt1VkJKbGx4enpUdC1WMzVlRHpvY1ZnbXRkei1yeXg0anVvblZOSDdHYUk5Tk5ScVNtS1FzdEMxaUozeWdSTlFaVjBtUndtM2xIc2I2cEVPcU9RMVpSSmF5aDVueFdyX09qbG4xZnB2ci0tRHVTSExMVFlQOTBVMzFUcTFfV3hRd3llTkk5cGtLag?oc=5"" target=""_blank"">Doing nothing about gun violence is a choice. It's one we seem to have made | Opinion</a>&nbsp;&nbsp;<font color=""#6f6f6f"">Petoskey News-Review</font>",RSS Feed,"<a href=""https://news.google.com/rss/articles/CBMi7AFBVV95cUxNdU5TWm10SjRnb0lFZnpPbG84TzV5blFKSngyanVfTlprUkRPN2tscktCd3dNYnV5eHlZYXVPYi1PcmM4NXh6WVJOOEFVLUxCaVZyc0l2R0hPcG5uV2pxUFVOaUt1VkJKbGx4enpUdC1WMzVlRHpvY1ZnbXRkei1yeXg0anVvblZOSDdHYUk5Tk5ScVNtS1FzdEMxaUozeWdSTlFaVjBtUndtM2xIc2I2cEVPcU9RMVpSSmF5aDVueFdyX09qbG4xZnB2ci0tRHVTSExMVFlQOTBVMzFUcTFfV3hRd3llTkk5cGtLag?oc=5"" target=""_blank"">Doing nothing about gun violence is a choice. It's one we seem to have made | Opinion</a>&nbsp;&nbsp;<font color=""#6f6f6f"">Petoskey News-Review</font>",rss_1757826250989_ut2ns8l9m
"Students, staff at Arvada West High School walk out of class to protest gun violence - cbsnews.com",https://news.google.com/rss/articles/CBMiwAFBVV95cUxOcG1VX1ludGw5MzUxQlVIanF3ZzU4d0lzemhGaktncWl0dWtOanI3YWd5RHFVbmpic2JwMV84dkhWOXhxSTh0VTZIZEZQQU1PYTNiUnpRYl9tYlNVSnlZdWJzbUl2YjVjSktlUFJkX1FIVzNQbjZoZy0tRm8xU0RsSlRCRFlyVkJaaHg2eFBibm5XOENGSk9JWFVUVFVhZDJfNVNmMUkxRDNucWI3WjZ3T0Y1OFFUZ1NzRUZFc2tlTmw?oc=5,"Fri, 12 Sep 2025 12:33:00 GMT","<a href=""https://news.google.com/rss/articles/CBMiwAFBVV95cUxOcG1VX1ludGw5MzUxQlVIanF3ZzU4d0lzemhGaktncWl0dWtOanI3YWd5RHFVbmpic2JwMV84dkhWOXhxSTh0VTZIZEZQQU1PYTNiUnpRYl9tYlNVSnlZdWJzbUl2YjVjSktlUFJkX1FIVzNQbjZoZy0tRm8xU0RsSlRCRFlyVkJaaHg2eFBibm5XOENGSk9JWFVUVFVhZDJfNVNmMUkxRDNucWI3WjZ3T0Y1OFFUZ1NzRUZFc2tlTmw?oc=5"" target=""_blank"">Students, staff at Arvada West High School walk out of class to protest gun violence</a>&nbsp;&nbsp;<font color=""#6f6f6f"">cbsnews.com</font>",RSS Feed,"<a href=""https://news.google.com/rss/articles/CBMiwAFBVV95cUxOcG1VX1ludGw5MzUxQlVIanF3ZzU4d0lzemhGaktncWl0dWtOanI3YWd5RHFVbmpic2JwMV84dkhWOXhxSTh0VTZIZEZQQU1PYTNiUnpRYl9tYlNVSnlZdWJzbUl2YjVjSktlUFJkX1FIVzNQbjZoZy0tRm8xU0RsSlRCRFlyVkJaaHg2eFBibm5XOENGSk9JWFVUVFVhZDJfNVNmMUkxRDNucWI3WjZ3T0Y1OFFUZ1NzRUZFc2tlTmw?oc=5"" target=""_blank"">Students, staff at Arvada West High School walk out of class to protest gun violence</a>&nbsp;&nbsp;<font color=""#6f6f6f"">cbsnews.com</font>",rss_1757826250989_6alwlufc4
Charlie Kirk Was Answering Student's Question About Gun Violence When He Was Fatally Shot - People.com,https://news.google.com/rss/articles/CBMitgFBVV95cUxNUzZMVVVxZndhWU40bXRGZmtFcmpOM2prLTZfMkg4N2RlYjFYdC1leW1LeG1sbWtVallBc2hMMThVR2JfY01LRWU4dXg3a3VzX3c5Z1hwVGs4WFVKT0NWcWVTMFBndEQ1bjlTQUVuMlVOODVHbU9kVm9Ba3JVSm9LSFB4NFRjcnp4NUdZTVBjbTl3VXNTQkdPTDY4RzBiaEhUZGpUNDc5RkZtMVUzNEJtLUdRVXUtdw?oc=5,"Wed, 10 Sep 2025 23:00:05 GMT","<a href=""https://news.google.com/rss/articles/CBMitgFBVV95cUxNUzZMVVVxZndhWU40bXRGZmtFcmpOM2prLTZfMkg4N2RlYjFYdC1leW1LeG1sbWtVallBc2hMMThVR2JfY01LRWU4dXg3a3VzX3c5Z1hwVGs4WFVKT0NWcWVTMFBndEQ1bjlTQUVuMlVOODVHbU9kVm9Ba3JVSm9LSFB4NFRjcnp4NUdZTVBjbTl3VXNTQkdPTDY4RzBiaEhUZGpUNDc5RkZtMVUzNEJtLUdRVXUtdw?oc=5"" target=""_blank"">Charlie Kirk Was Answering Student's Question About Gun Violence When He Was Fatally Shot</a>&nbsp;&nbsp;<font color=""#6f6f6f"">People.com</font>",RSS Feed,"<a href=""https://news.google.com/rss/articles/CBMitgFBVV95cUxNUzZMVVVxZndhWU40bXRGZmtFcmpOM2prLTZfMkg4N2RlYjFYdC1leW1LeG1sbWtVallBc2hMMThVR2JfY01LRWU4dXg3a3VzX3c5Z1hwVGs4WFVKT0NWcWVTMFBndEQ1bjlTQUVuMlVOODVHbU9kVm9Ba3JVSm9LSFB4NFRjcnp4NUdZTVBjbTl3VXNTQkdPTDY4RzBiaEhUZGpUNDc5RkZtMVUzNEJtLUdRVXUtdw?oc=5"" target=""_blank"">Charlie Kirk Was Answering Student's Question About Gun Violence When He Was Fatally Shot</a>&nbsp;&nbsp;<font color=""#6f6f6f"">People.com</font>",rss_1757826250989_tnb2cbqtj
The Psychological Toll of Gun Violence | Newswise - Newswise,https://news.google.com/rss/articles/CBMifEFVX3lxTE1PTlgtZ0loZ0FlQmxIUmY1TlJ6TDZlaC1QT0NaRmRmd0hxOXY4alZadXpCaER0akRXelFXeDBHV0V5SnJkVWx2MW5FYTRrTE85ejRGREdSY3laQ2pZR01DbFNvQnZhMGVPbUhSU19ONjlvanNTdzNfY25RLUrSAXxBVV95cUxNT05YLWdJaGdBZUJsSFJmNU5Sekw2ZWgtUE9DWkZkZndIcTl2OGpWWnV6QmhEdGpEV3pRV3gwR1dFeUpyZFVsdjFuRWE0a0xPOXo0RkRHUmN5WkNqWUdNQ2xTb0J2YTBlT21IUlNfTjY5b2pzU3czX2NuUS1K?oc=5,"Fri, 12 Sep 2025 22:35:00 GMT","<a href=""https://news.google.com/rss/articles/CBMifEFVX3lxTE1PTlgtZ0loZ0FlQmxIUmY1TlJ6TDZlaC1QT0NaRmRmd0hxOXY4alZadXpCaER0akRXelFXeDBHV0V5SnJkVWx2MW5FYTRrTE85ejRGREdSY3laQ2pZR01DbFNvQnZhMGVPbUhSU19ONjlvanNTdzNfY25RLUrSAXxBVV95cUxNT05YLWdJaGdBZUJsSFJmNU5Sekw2ZWgtUE9DWkZkZndIcTl2OGpWWnV6QmhEdGpEV3pRV3gwR1dFeUpyZFVsdjFuRWE0a0xPOXo0RkRHUmN5WkNqWUdNQ2xTb0J2YTBlT21IUlNfTjY5b2pzU3czX2NuUS1K?oc=5"" target=""_blank"">The Psychological Toll of Gun Violence | Newswise</a>&nbsp;&nbsp;<font color=""#6f6f6f"">Newswise</font>",RSS Feed,"<a href=""https://news.google.com/rss/articles/CBMifEFVX3lxTE1PTlgtZ0loZ0FlQmxIUmY1TlJ6TDZlaC1QT0NaRmRmd0hxOXY4alZadXpCaER0akRXelFXeDBHV0V5SnJkVWx2MW5FYTRrTE85ejRGREdSY3laQ2pZR01DbFNvQnZhMGVPbUhSU19ONjlvanNTdzNfY25RLUrSAXxBVV95cUxNT05YLWdJaGdBZUJsSFJmNU5Sekw2ZWgtUE9DWkZkZndIcTl2OGpWWnV6QmhEdGpEV3pRV3gwR1dFeUpyZFVsdjFuRWE0a0xPOXo0RkRHUmN5WkNqWUdNQ2xTb0J2YTBlT21IUlNfTjY5b2pzU3czX2NuUS1K?oc=5"" target=""_blank"">The Psychological Toll of Gun Violence | Newswise</a>&nbsp;&nbsp;<font color=""#6f6f6f"">Newswise</font>",rss_1757826250989_x4ug8emjr
EC North High Students Protest Gun Violence - WEAU,https://news.google.com/rss/articles/CBMiigFBVV95cUxPWEJVRDliWlZ4MlJoSnJDOGxETzN4S1RhRG9CVTlYNzhXdUhxTElnSWdHaUFGM2VzTS1DenV1YW40ZV84RmZ6QUdkNWl0SFpfOXp0aWdjeFZSdUtITTBjalFGYTZCYjdZNHQ3UDM0NU41WFRGYmkzdUpLU09hQTdEUUx5RllhQlFTdXc?oc=5,"Fri, 12 Sep 2025 23:13:00 GMT","<a href=""https://news.google.com/rss/articles/CBMiigFBVV95cUxPWEJVRDliWlZ4MlJoSnJDOGxETzN4S1RhRG9CVTlYNzhXdUhxTElnSWdHaUFGM2VzTS1DenV1YW40ZV84RmZ6QUdkNWl0SFpfOXp0aWdjeFZSdUtITTBjalFGYTZCYjdZNHQ3UDM0NU41WFRGYmkzdUpLU09hQTdEUUx5RllhQlFTdXc?oc=5"" target=""_blank"">EC North High Students Protest Gun Violence</a>&nbsp;&nbsp;<font color=""#6f6f6f"">WEAU</font>",RSS Feed,"<a href=""https://news.google.com/rss/articles/CBMiigFBVV95cUxPWEJVRDliWlZ4MlJoSnJDOGxETzN4S1RhRG9CVTlYNzhXdUhxTElnSWdHaUFGM2VzTS1DenV1YW40ZV84RmZ6QUdkNWl0SFpfOXp0aWdjeFZSdUtITTBjalFGYTZCYjdZNHQ3UDM0NU41WFRGYmkzdUpLU09hQTdEUUx5RllhQlFTdXc?oc=5"" target=""_blank"">EC North High Students Protest Gun Violence</a>&nbsp;&nbsp;<font color=""#6f6f6f"">WEAU</font>",rss_1757826250989_yfwek30mo
What we know about US conservative activist Charlie Kirk shooting - Al Jazeera,https://news.google.com/rss/articles/CBMitwFBVV95cUxOX19FLUZNaXZxenl2SVFremFBUEpDRUFmNUVKVm5WN3kxYmFBenNNV2h4NFNiRmJaVElWdGNFdVJfcEVYTU9pMnpmcnRUQlpMTkJJQ0d4R1FQTjBXejRRdmpNNTBKazFpZGtoN1p5LUgxQ1YtcVo0V2hCQ1dRNWZXVy1aMkNET1UtT0lRcG1Icm5GSjRJM29FVmJMUXhsS011UmJXZmtTTDZDQko0WnZIU0VPV0w2eHfSAbwBQVVfeXFMTzlOOG4wU2ExaHJlbFd1aHRjS0MtTEhhTlk1c3E4QXl4WWFVQ0FaeDBMdi01d1FyZ1RrakEyajVlaGREeUdUVm1ueG1yX3kzcl9CTldObjRLb296RHZFNURvak9GeURrX1pMbTE2a3Y0dFhuZ3Q5Q01SRFVwRHpNTU9pLVl3MHUyT3NkUFZXSklzR0JTd3FWZ0h1dGVOU3JoZ09QMW1fMzZXc0tSME5fanFfc3dzVUZyLWFTLXU?oc=5,"Thu, 11 Sep 2025 12:32:58 GMT","<a href=""https://news.google.com/rss/articles/CBMitwFBVV95cUxOX19FLUZNaXZxenl2SVFremFBUEpDRUFmNUVKVm5WN3kxYmFBenNNV2h4NFNiRmJaVElWdGNFdVJfcEVYTU9pMnpmcnRUQlpMTkJJQ0d4R1FQTjBXejRRdmpNNTBKazFpZGtoN1p5LUgxQ1YtcVo0V2hCQ1dRNWZXVy1aMkNET1UtT0lRcG1Icm5GSjRJM29FVmJMUXhsS011UmJXZmtTTDZDQko0WnZIU0VPV0w2eHfSAbwBQVVfeXFMTzlOOG4wU2ExaHJlbFd1aHRjS0MtTEhhTlk1c3E4QXl4WWFVQ0FaeDBMdi01d1FyZ1RrakEyajVlaGREeUdUVm1ueG1yX3kzcl9CTldObjRLb296RHZFNURvak9GeURrX1pMbTE2a3Y0dFhuZ3Q5Q01SRFVwRHpNTU9pLVl3MHUyT3NkUFZXSklzR0JTd3FWZ0h1dGVOU3JoZ09QMW1fMzZXc0tSME5fanFfc3dzVUZyLWFTLXU?oc=5"" target=""_blank"">What we know about US conservative activist Charlie Kirk shooting</a>&nbsp;&nbsp;<font color=""#6f6f6f"">Al Jazeera</font>",RSS Feed,"<a href=""https://news.google.com/rss/articles/CBMitwFBVV95cUxOX19FLUZNaXZxenl2SVFremFBUEpDRUFmNUVKVm5WN3kxYmFBenNNV2h4NFNiRmJaVElWdGNFdVJfcEVYTU9pMnpmcnRUQlpMTkJJQ0d4R1FQTjBXejRRdmpNNTBKazFpZGtoN1p5LUgxQ1YtcVo0V2hCQ1dRNWZXVy1aMkNET1UtT0lRcG1Icm5GSjRJM29FVmJMUXhsS011UmJXZmtTTDZDQko0WnZIU0VPV0w2eHfSAbwBQVVfeXFMTzlOOG4wU2ExaHJlbFd1aHRjS0MtTEhhTlk1c3E4QXl4WWFVQ0FaeDBMdi01d1FyZ1RrakEyajVlaGREeUdUVm1ueG1yX3kzcl9CTldObjRLb296RHZFNURvak9GeURrX1pMbTE2a3Y0dFhuZ3Q5Q01SRFVwRHpNTU9pLVl3MHUyT3NkUFZXSklzR0JTd3FWZ0h1dGVOU3JoZ09QMW1fMzZXc0tSME5fanFfc3dzVUZyLWFTLXU?oc=5"" target=""_blank"">What we know about US conservative activist Charlie Kirk shooting</a>&nbsp;&nbsp;<font color=""#6f6f6f"">Al Jazeera</font>",rss_1757826250989_fwd8j60xy
Charlie Kirk Was Answering Question About Mass Shootings When Shot in Utah - E! News,https://news.google.com/rss/articles/CBMikgFBVV95cUxPLVhETG55dUhHbV9YOEdxSkxZTkQ4SnYyX3IzZ1NjYTlHZGk1UGZSclVCYS1aRjlwcllJT2tCcDRWWWhPMlJWQ29EOVVLbE5Dc1BvTWV4bjRFUVV3MWZjSDYyUkx3eWdQTzZYMW9nckR3aXY3QzhpZ3FKMnc5QlV6MDAwZnVXV0pPaENQMFYwRDBmdw?oc=5,"Wed, 10 Sep 2025 23:54:00 GMT","<a href=""https://news.google.com/rss/articles/CBMikgFBVV95cUxPLVhETG55dUhHbV9YOEdxSkxZTkQ4SnYyX3IzZ1NjYTlHZGk1UGZSclVCYS1aRjlwcllJT2tCcDRWWWhPMlJWQ29EOVVLbE5Dc1BvTWV4bjRFUVV3MWZjSDYyUkx3eWdQTzZYMW9nckR3aXY3QzhpZ3FKMnc5QlV6MDAwZnVXV0pPaENQMFYwRDBmdw?oc=5"" target=""_blank"">Charlie Kirk Was Answering Question About Mass Shootings When Shot in Utah</a>&nbsp;&nbsp;<font color=""#6f6f6f"">E! News</font>",RSS Feed,"<a href=""https://news.google.com/rss/articles/CBMikgFBVV95cUxPLVhETG55dUhHbV9YOEdxSkxZTkQ4SnYyX3IzZ1NjYTlHZGk1UGZSclVCYS1aRjlwcllJT2tCcDRWWWhPMlJWQ29EOVVLbE5Dc1BvTWV4bjRFUVV3MWZjSDYyUkx3eWdQTzZYMW9nckR3aXY3QzhpZ3FKMnc5QlV6MDAwZnVXV0pPaENQMFYwRDBmdw?oc=5"" target=""_blank"">Charlie Kirk Was Answering Question About Mass Shootings When Shot in Utah</a>&nbsp;&nbsp;<font color=""#6f6f6f"">E! News</font>",rss_1757826250989_9stao1z36
These Were Charlie Kirk's Final Words On Gun Violence Before His Fatal Shooting In Utah - yahoo.com,https://news.google.com/rss/articles/CBMiiwFBVV95cUxOckhzUnc5YndZcExZYm1JUDVCZk1aeEZmSk5acklMY2g5bmp5eGQ3WnR2dm9tVkpGdm82OXJVRVVaM2xRSUwyeFVSM0tKN1JSX0I5R0R2akFTQVVfaWF1eGZNc004YVp1UVJtN21BeGV0NkZpRWc0cVJPejAxdnlBcWtaRHhDTGRzUHhr?oc=5,"Thu, 11 Sep 2025 12:58:04 GMT","<a href=""https://news.google.com/rss/articles/CBMiiwFBVV95cUxOckhzUnc5YndZcExZYm1JUDVCZk1aeEZmSk5acklMY2g5bmp5eGQ3WnR2dm9tVkpGdm82OXJVRVVaM2xRSUwyeFVSM0tKN1JSX0I5R0R2akFTQVVfaWF1eGZNc004YVp1UVJtN21BeGV0NkZpRWc0cVJPejAxdnlBcWtaRHhDTGRzUHhr?oc=5"" target=""_blank"">These Were Charlie Kirk's Final Words On Gun Violence Before His Fatal Shooting In Utah</a>&nbsp;&nbsp;<font color=""#6f6f6f"">yahoo.com</font>",RSS Feed,"<a href=""https://news.google.com/rss/articles/CBMiiwFBVV95cUxOckhzUnc5YndZcExZYm1JUDVCZk1aeEZmSk5acklMY2g5bmp5eGQ3WnR2dm9tVkpGdm82OXJVRVVaM2xRSUwyeFVSM0tKN1JSX0I5R0R2akFTQVVfaWF1eGZNc004YVp1UVJtN21BeGV0NkZpRWc0cVJPejAxdnlBcWtaRHhDTGRzUHhr?oc=5"" target=""_blank"">These Were Charlie Kirk's Final Words On Gun Violence Before His Fatal Shooting In Utah</a>&nbsp;&nbsp;<font color=""#6f6f6f"">yahoo.com</font>",rss_1757826250989_9r0ez0fhb
"Separate shootings overnight in Philly leave one man dead, another man injured - NBC10 Philadelphia",https://news.google.com/rss/articles/CBMipwFBVV95cUxNS0xSSFh4aXdEMGxzTGk0QXNPYUtOdHhlMnd1bGhjSXFxMG0xR01KOEgyaTdBTnk4SDFGZzBHWjRvN3N3bDhHYzItbTJ3MDR0b2h4ZGp2SUtIcnZyWVV6MTE1cmdEY2JtRW5WWi1mc29raGhDREdXeGRDQkdaS2RxdnFuY2w4RFhzVXpUN29yX3huQWhwci1tMFBMbDNtQmR1YXdhUmNzNNIBrwFBVV95cUxOTnJ0MFJ1LUItdVkybUFmRWk1alJhbGVhYmRzS3hvOERUUUhxV2FlbVEwZkJBRU1idXBLRzlRQ2M1a2dCeGpDUzNLVE1GUE5zWlRFLUNjRXdEOEdUNU9CTmg5cWZISWFqRkgwODBqY0JrRE81elI2SDAwU1JHWFpWRi1NNk14bW1LeXc0OXVmYmFBZ21XaDFSRjJfLUUzakhwaXBRQ3F1c3JkZnRHNnZ3?oc=5,"Sat, 13 Sep 2025 16:16:54 GMT","<a href=""https://news.google.com/rss/articles/CBMipwFBVV95cUxNS0xSSFh4aXdEMGxzTGk0QXNPYUtOdHhlMnd1bGhjSXFxMG0xR01KOEgyaTdBTnk4SDFGZzBHWjRvN3N3bDhHYzItbTJ3MDR0b2h4ZGp2SUtIcnZyWVV6MTE1cmdEY2JtRW5WWi1mc29raGhDREdXeGRDQkdaS2RxdnFuY2w4RFhzVXpUN29yX3huQWhwci1tMFBMbDNtQmR1YXdhUmNzNNIBrwFBVV95cUxOTnJ0MFJ1LUItdVkybUFmRWk1alJhbGVhYmRzS3hvOERUUUhxV2FlbVEwZkJBRU1idXBLRzlRQ2M1a2dCeGpDUzNLVE1GUE5zWlRFLUNjRXdEOEdUNU9CTmg5cWZISWFqRkgwODBqY0JrRE81elI2SDAwU1JHWFpWRi1NNk14bW1LeXc0OXVmYmFBZ21XaDFSRjJfLUUzakhwaXBRQ3F1c3JkZnRHNnZ3?oc=5"" target=""_blank"">Separate shootings overnight in Philly leave one man dead, another man injured</a>&nbsp;&nbsp;<font color=""#6f6f6f"">NBC10 Philadelphia</font>",RSS Feed,"<a href=""https://news.google.com/rss/articles/CBMipwFBVV95cUxNS0xSSFh4aXdEMGxzTGk0QXNPYUtOdHhlMnd1bGhjSXFxMG0xR01KOEgyaTdBTnk4SDFGZzBHWjRvN3N3bDhHYzItbTJ3MDR0b2h4ZGp2SUtIcnZyWVV6MTE1cmdEY2JtRW5WWi1mc29raGhDREdXeGRDQkdaS2RxdnFuY2w4RFhzVXpUN29yX3huQWhwci1tMFBMbDNtQmR1YXdhUmNzNNIBrwFBVV95cUxOTnJ0MFJ1LUItdVkybUFmRWk1alJhbGVhYmRzS3hvOERUUUhxV2FlbVEwZkJBRU1idXBLRzlRQ2M1a2dCeGpDUzNLVE1GUE5zWlRFLUNjRXdEOEdUNU9CTmg5cWZISWFqRkgwODBqY0JrRE81elI2SDAwU1JHWFpWRi1NNk14bW1LeXc0OXVmYmFBZ21XaDFSRjJfLUUzakhwaXBRQ3F1c3JkZnRHNnZ3?oc=5"" target=""_blank"">Separate shootings overnight in Philly leave one man dead, another man injured</a>&nbsp;&nbsp;<font color=""#6f6f6f"">NBC10 Philadelphia</font>",rss_1757826250989_sdjk6c7gn
Florida Democrats Condemn Gun Violence After Colorado School Shooting - Florida Democratic Party,https://news.google.com/rss/articles/CBMipAFBVV95cUxPVk1EdDFHZEdhNlB0SDZPQkwxbUxnSTZTOUphdjlRS3BuWDJJZEo5RjFYLVkxZS0yeTVPNTFsT2tIUTBHUm9DSVRtX2ZLbENPYVJUam85SmVtSnFPU0trT1NJUjE0eVA0cGd0amFfdXRKUnZvTzNOQTd4VXlVWDliZjdEaFdaNFJVcjF2eF9IZHMwRXktNW1sNUtTakF1bUR3YXljUA?oc=5,"Thu, 11 Sep 2025 13:10:26 GMT","<a href=""https://news.google.com/rss/articles/CBMipAFBVV95cUxPVk1EdDFHZEdhNlB0SDZPQkwxbUxnSTZTOUphdjlRS3BuWDJJZEo5RjFYLVkxZS0yeTVPNTFsT2tIUTBHUm9DSVRtX2ZLbENPYVJUam85SmVtSnFPU0trT1NJUjE0eVA0cGd0amFfdXRKUnZvTzNOQTd4VXlVWDliZjdEaFdaNFJVcjF2eF9IZHMwRXktNW1sNUtTakF1bUR3YXljUA?oc=5"" target=""_blank"">Florida Democrats Condemn Gun Violence After Colorado School Shooting</a>&nbsp;&nbsp;<font color=""#6f6f6f"">Florida Democratic Party</font>",RSS Feed,"<a href=""https://news.google.com/rss/articles/CBMipAFBVV95cUxPVk1EdDFHZEdhNlB0SDZPQkwxbUxnSTZTOUphdjlRS3BuWDJJZEo5RjFYLVkxZS0yeTVPNTFsT2tIUTBHUm9DSVRtX2ZLbENPYVJUam85SmVtSnFPU0trT1NJUjE0eVA0cGd0amFfdXRKUnZvTzNOQTd4VXlVWDliZjdEaFdaNFJVcjF2eF9IZHMwRXktNW1sNUtTakF1bUR3YXljUA?oc=5"" target=""_blank"">Florida Democrats Condemn Gun Violence After Colorado School Shooting</a>&nbsp;&nbsp;<font color=""#6f6f6f"">Florida Democratic Party</font>",rss_1757826250989_tplsjpg7g
'This shouldn’t even be a debate': Colorado students march against gun violence - Denver7,https://news.google.com/rss/articles/CBMitwFBVV95cUxQX2xoMGduWHBrdHRKVWt5MGZXalRXNV9BdXpVRDU1QXVXUVZZTExDSll6QlNXNDVwbFdYMmVsWVU2RjlIQTlDNnUtOENndWpGSjFha21BMVVjMGJkUW1QeEtsMWNuNmFlRGlfd2djMHcyM0hGcDExT2Z2QzB6a0pHZ0otQ0hpcUMzdkl5ZWxKNFJPVTR6YVBJRTNBcDlBVFNWNzlkMWhYbmNqOGJOZzVQVjhsbGJPSzQ?oc=5,"Sat, 13 Sep 2025 04:15:04 GMT","<a href=""https://news.google.com/rss/articles/CBMitwFBVV95cUxQX2xoMGduWHBrdHRKVWt5MGZXalRXNV9BdXpVRDU1QXVXUVZZTExDSll6QlNXNDVwbFdYMmVsWVU2RjlIQTlDNnUtOENndWpGSjFha21BMVVjMGJkUW1QeEtsMWNuNmFlRGlfd2djMHcyM0hGcDExT2Z2QzB6a0pHZ0otQ0hpcUMzdkl5ZWxKNFJPVTR6YVBJRTNBcDlBVFNWNzlkMWhYbmNqOGJOZzVQVjhsbGJPSzQ?oc=5"" target=""_blank"">'This shouldn’t even be a debate': Colorado students march against gun violence</a>&nbsp;&nbsp;<font color=""#6f6f6f"">Denver7</font>",RSS Feed,"<a href=""https://news.google.com/rss/articles/CBMitwFBVV95cUxQX2xoMGduWHBrdHRKVWt5MGZXalRXNV9BdXpVRDU1QXVXUVZZTExDSll6QlNXNDVwbFdYMmVsWVU2RjlIQTlDNnUtOENndWpGSjFha21BMVVjMGJkUW1QeEtsMWNuNmFlRGlfd2djMHcyM0hGcDExT2Z2QzB6a0pHZ0otQ0hpcUMzdkl5ZWxKNFJPVTR6YVBJRTNBcDlBVFNWNzlkMWhYbmNqOGJOZzVQVjhsbGJPSzQ?oc=5"" target=""_blank"">'This shouldn’t even be a debate': Colorado students march against gun violence</a>&nbsp;&nbsp;<font color=""#6f6f6f"">Denver7</font>",rss_1757826250989_9z2iqgknp
What’s fuelling political violence in the United States? - Al Jazeera,https://news.google.com/rss/articles/CBMirgFBVV95cUxPdUFSaV9LSWpBdmtobU5lMjJDWENOcmlyMl9XMmQ5NnpzV2xxYXo0alVTSjBndDRNNUVZdlQ3T2ttQWlLVVhIZlcxQ2dCMktjQXAzZkFQMDI1VkZyWDNTaFZsaGpqbFhXVkdDa3FpSnhRZ2I3MDZrblQtb3NVVFo3TTN1ZUxfTjdMeDdCTy1GeENZS0FZbjZTdjBadlE1OUxjbXFNU1NsbzJRbGx3Z2fSAbMBQVVfeXFMTUNOcGY2WjdvN1Q4YW1NTzVISFNWQnV6UjFfSWVMM0NSU01KLV9lbUl1U19ReUJ6cld2Ym80UTdUX1VIMDEzYlRGTFllaEZxaEdFZEhIR0huX3E5Sm04TTN6d3dRb09Dc2lLSklKRHFJMkJHdmFiOVdwVnBHSTh2QWtabzFQVTF5VTJKWk5CZ1ZaWE1ZeElzZW1iU2syck4xckwtZjFleUs2NC0wYWFkRzY2cVE?oc=5,"Fri, 12 Sep 2025 17:52:16 GMT","<a href=""https://news.google.com/rss/articles/CBMirgFBVV95cUxPdUFSaV9LSWpBdmtobU5lMjJDWENOcmlyMl9XMmQ5NnpzV2xxYXo0alVTSjBndDRNNUVZdlQ3T2ttQWlLVVhIZlcxQ2dCMktjQXAzZkFQMDI1VkZyWDNTaFZsaGpqbFhXVkdDa3FpSnhRZ2I3MDZrblQtb3NVVFo3TTN1ZUxfTjdMeDdCTy1GeENZS0FZbjZTdjBadlE1OUxjbXFNU1NsbzJRbGx3Z2fSAbMBQVVfeXFMTUNOcGY2WjdvN1Q4YW1NTzVISFNWQnV6UjFfSWVMM0NSU01KLV9lbUl1U19ReUJ6cld2Ym80UTdUX1VIMDEzYlRGTFllaEZxaEdFZEhIR0huX3E5Sm04TTN6d3dRb09Dc2lLSklKRHFJMkJHdmFiOVdwVnBHSTh2QWtabzFQVTF5VTJKWk5CZ1ZaWE1ZeElzZW1iU2syck4xckwtZjFleUs2NC0wYWFkRzY2cVE?oc=5"" target=""_blank"">What’s fuelling political violence in the United States?</a>&nbsp;&nbsp;<font color=""#6f6f6f"">Al Jazeera</font>",RSS Feed,"<a href=""https://news.google.com/rss/articles/CBMirgFBVV95cUxPdUFSaV9LSWpBdmtobU5lMjJDWENOcmlyMl9XMmQ5NnpzV2xxYXo0alVTSjBndDRNNUVZdlQ3T2ttQWlLVVhIZlcxQ2dCMktjQXAzZkFQMDI1VkZyWDNTaFZsaGpqbFhXVkdDa3FpSnhRZ2I3MDZrblQtb3NVVFo3TTN1ZUxfTjdMeDdCTy1GeENZS0FZbjZTdjBadlE1OUxjbXFNU1NsbzJRbGx3Z2fSAbMBQVVfeXFMTUNOcGY2WjdvN1Q4YW1NTzVISFNWQnV6UjFfSWVMM0NSU01KLV9lbUl1U19ReUJ6cld2Ym80UTdUX1VIMDEzYlRGTFllaEZxaEdFZEhIR0huX3E5Sm04TTN6d3dRb09Dc2lLSklKRHFJMkJHdmFiOVdwVnBHSTh2QWtabzFQVTF5VTJKWk5CZ1ZaWE1ZeElzZW1iU2syck4xckwtZjFleUs2NC0wYWFkRzY2cVE?oc=5"" target=""_blank"">What’s fuelling political violence in the United States?</a>&nbsp;&nbsp;<font color=""#6f6f6f"">Al Jazeera</font>",rss_1757826250989_itezet2m6
Students hold walkout to protest gun violence in schools - KUSA.com,https://news.google.com/rss/articles/CBMiwgFBVV95cUxOcXJXWS1zTEZmVXYtVGZ1Mlp6R2oydkxvUUdtbkJySzFYY3NOMWkxNmtCaUdXRzZoQnpvMW9nQzh6Q3JfSVNjT2hQc3FtSkY5dlZGTXVUQWxpbG1LYWpFSEluS2FjQ0dXekU0ejZfMnJOQ0tpVkRPS3F3d0RmU29ZQ3BFVXlUc2hWa0dwZFJxNnBBQ1dtTUxHUnd5UVpxLXVFQUt5UHd6TEJjMURiQVdwLURnZlFCNV96aXhOUGRRNmFwZw?oc=5,"Sat, 13 Sep 2025 01:10:00 GMT","<a href=""https://news.google.com/rss/articles/CBMiwgFBVV95cUxOcXJXWS1zTEZmVXYtVGZ1Mlp6R2oydkxvUUdtbkJySzFYY3NOMWkxNmtCaUdXRzZoQnpvMW9nQzh6Q3JfSVNjT2hQc3FtSkY5dlZGTXVUQWxpbG1LYWpFSEluS2FjQ0dXekU0ejZfMnJOQ0tpVkRPS3F3d0RmU29ZQ3BFVXlUc2hWa0dwZFJxNnBBQ1dtTUxHUnd5UVpxLXVFQUt5UHd6TEJjMURiQVdwLURnZlFCNV96aXhOUGRRNmFwZw?oc=5"" target=""_blank"">Students hold walkout to protest gun violence in schools</a>&nbsp;&nbsp;<font color=""#6f6f6f"">KUSA.com</font>",RSS Feed,"<a href=""https://news.google.com/rss/articles/CBMiwgFBVV95cUxOcXJXWS1zTEZmVXYtVGZ1Mlp6R2oydkxvUUdtbkJySzFYY3NOMWkxNmtCaUdXRzZoQnpvMW9nQzh6Q3JfSVNjT2hQc3FtSkY5dlZGTXVUQWxpbG1LYWpFSEluS2FjQ0dXekU0ejZfMnJOQ0tpVkRPS3F3d0RmU29ZQ3BFVXlUc2hWa0dwZFJxNnBBQ1dtTUxHUnd5UVpxLXVFQUt5UHd6TEJjMURiQVdwLURnZlFCNV96aXhOUGRRNmFwZw?oc=5"" target=""_blank"">Students hold walkout to protest gun violence in schools</a>&nbsp;&nbsp;<font color=""#6f6f6f"">KUSA.com</font>",rss_1757826250989_2dybltez4